KICID,BC_J,BC_H,BC_K,BC_GAIA
10001935,1.371,1.829,1.9480000000000002,-0.032
10002556,1.416,1.9069999999999998,2.037,-0.065
10005422,1.379,1.8769999999999998,1.99,-0.064
10005429,1.423,1.9140000000000001,2.049,-0.067
10005966,1.499,2.026,2.191,-0.133
10006158,1.444,1.943,2.085,-0.081
10006548,1.45,1.9509999999999998,2.096,-0.085
10007150,1.4380000000000002,1.915,2.06,-0.065
10014635,1.324,1.767,1.8730000000000002,-0.02
10014914,1.399,1.861,1.9909999999999999,-0.04
10018239,1.486,2.0069999999999997,2.166,-0.12
10018973,1.489,1.995,2.1590000000000003,-0.113
10019961,1.432,1.926,2.064,-0.073
10023520,1.3769999999999998,1.8259999999999998,1.95,-0.026000000000000002
10024484,1.392,1.8559999999999999,1.982,-0.04
10024786,1.45,1.9369999999999998,2.085,-0.077
10026767,1.465,1.9780000000000002,2.128,-0.10099999999999999
10063028,1.4240000000000002,1.9269999999999998,2.059,-0.076
10065848,1.3969999999999998,1.9040000000000001,2.022,-0.073
10070717,1.431,1.923,2.061,-0.071
10071249,1.3969999999999998,1.891,2.012,-0.062
10079987,1.459,1.983,2.126,-0.10400000000000001
10080974,1.3619999999999999,1.8090000000000002,1.9280000000000002,-0.023
10081951,1.432,1.915,2.055,-0.065
10082602,1.476,1.9869999999999999,2.1430000000000002,-0.106
10083313,1.463,1.965,2.116,-0.09300000000000001
10083480,1.355,1.819,1.931,-0.036000000000000004
10086465,1.426,1.9,2.04,-0.057999999999999996
10088768,1.4569999999999999,1.9380000000000002,2.0909999999999997,-0.077
10090400,1.4809999999999999,1.9709999999999999,2.135,-0.098
10093930,1.483,1.98,2.1430000000000002,-0.10300000000000001
10095244,1.306,1.734,1.838,-0.009000000000000001
10095438,1.411,1.8869999999999998,2.019,-0.053
10118422,1.3969999999999998,1.849,1.9809999999999999,-0.033
10130148,1.439,1.939,2.0780000000000003,-0.08
10134740,1.385,1.8519999999999999,1.975,-0.04
10154247,1.41,1.886,2.0180000000000002,-0.053
10155731,1.4069999999999998,1.868,2.002,-0.042
10156307,1.415,1.886,2.021,-0.051
10156576,1.486,2.002,2.162,-0.11599999999999999
10158201,1.406,1.867,2.001,-0.042
10161092,1.426,1.881,2.026,-0.046
10186053,1.4609999999999999,1.952,2.105,-0.086
10186608,1.43,1.9240000000000002,2.061,-0.07200000000000001
10188141,1.474,1.96,2.121,-0.091
10188964,1.453,1.933,2.084,-0.075
10189920,1.4580000000000002,1.983,2.126,-0.105
10196797,1.405,1.9,2.024,-0.065
10200093,1.443,1.939,2.081,-0.079
10201944,1.395,1.89,2.01,-0.064
10202324,1.413,1.906,2.0340000000000003,-0.065
10206307,1.402,1.89,2.015,-0.059000000000000004
10206840,1.406,1.889,2.016,-0.057
10214045,1.463,1.985,2.131,-0.105
10222079,1.4069999999999998,1.8730000000000002,2.006,-0.046
10222567,1.413,1.889,2.022,-0.054000000000000006
10223204,1.421,1.903,2.0380000000000003,-0.061
10224535,1.419,1.896,2.032,-0.057
10226478,1.435,1.9240000000000002,2.064,-0.071
10252281,1.421,1.8980000000000001,2.0340000000000003,-0.057999999999999996
10252692,1.4069999999999998,1.8769999999999998,2.009,-0.048
10254023,1.4569999999999999,1.9680000000000002,2.114,-0.095
10257750,1.472,1.974,2.13,-0.099
10266723,1.464,1.9869999999999999,2.134,-0.106
10268744,1.4869999999999999,2.003,2.165,-0.11800000000000001
10269537,1.4369999999999998,1.923,2.065,-0.07
10279663,1.399,1.879,2.004,-0.053
10279676,1.376,1.831,1.953,-0.031
10280586,1.4709999999999999,1.984,2.137,-0.10400000000000001
10281513,1.495,2.026,2.188,-0.132
10282002,1.484,1.99,2.1519999999999997,-0.109
10286378,1.413,1.8980000000000001,2.028,-0.06
10286616,1.395,1.892,2.012,-0.065
10288611,1.419,1.882,2.02,-0.048
10290315,1.4669999999999999,1.955,2.112,-0.087
10290457,1.463,1.9769999999999999,2.126,-0.10099999999999999
10290535,1.3869999999999998,1.8619999999999999,1.983,-0.047
10328946,1.44,1.929,2.0709999999999997,-0.073
10331610,1.409,1.901,2.028,-0.064
10332186,1.4569999999999999,1.9809999999999999,2.124,-0.10400000000000001
10332753,1.482,1.994,2.153,-0.111
10346117,1.406,1.876,2.008,-0.048
10350302,1.406,1.8630000000000002,1.9969999999999999,-0.039
10350408,1.3969999999999998,1.851,1.982,-0.035
10351764,1.44,1.9469999999999998,2.085,-0.085
10351792,1.52,2.035,2.215,-0.14400000000000002
10352610,1.459,1.94,2.094,-0.078
10353044,1.3880000000000001,1.8630000000000002,1.985,-0.047
10355672,1.4909999999999999,1.985,2.153,-0.10800000000000001
10355764,1.4240000000000002,1.9069999999999998,2.043,-0.062
10357764,1.4369999999999998,1.9169999999999998,2.061,-0.066
10358632,1.403,1.89,2.015,-0.059000000000000004
10359816,1.3940000000000001,1.8619999999999999,1.9880000000000002,-0.043
10359999,1.4,1.8630000000000002,1.993,-0.040999999999999995
10362043,1.358,1.821,1.9340000000000002,-0.034
10363172,1.429,1.902,2.043,-0.057999999999999996
10387935,1.41,1.911,2.036,-0.07
10394570,1.442,1.921,2.0669999999999997,-0.068
10395327,1.381,1.854,1.973,-0.045
10395400,1.425,1.8869999999999998,2.029,-0.05
10405445,1.399,1.893,2.015,-0.063
10415654,1.405,1.8780000000000001,2.008,-0.049
10417559,1.452,1.95,2.096,-0.084
10420502,1.4340000000000002,1.926,2.065,-0.07200000000000001
10426854,1.344,1.8,1.91,-0.027999999999999997
10450939,1.3769999999999998,1.829,1.953,-0.028999999999999998
10460324,1.393,1.883,2.003,-0.059000000000000004
10461347,1.4809999999999999,2.009,2.164,-0.12
10461757,1.369,1.8519999999999999,1.964,-0.052000000000000005
10467570,1.474,1.974,2.1319999999999997,-0.099
10468528,1.443,1.9609999999999999,2.097,-0.09300000000000001
10482521,1.435,1.9480000000000002,2.083,-0.087
10482713,1.4169999999999998,1.87,2.01,-0.040999999999999995
10482750,1.465,1.95,2.106,-0.085
10483180,1.3780000000000001,1.824,1.949,-0.024
10484140,1.456,1.9709999999999999,2.115,-0.09699999999999999
10485923,1.335,1.771,1.882,-0.013000000000000001
10488066,1.405,1.87,2.001,-0.044000000000000004
10488463,1.386,1.847,1.9709999999999999,-0.037000000000000005
10489017,1.4269999999999998,1.909,2.0469999999999997,-0.063
10489073,1.4809999999999999,1.983,2.144,-0.105
10489340,1.383,1.8359999999999999,1.9609999999999999,-0.03
10489417,1.3840000000000001,1.8430000000000002,1.9669999999999999,-0.034
10489877,1.3969999999999998,1.8630000000000002,1.9909999999999999,-0.043
10489909,1.325,1.777,1.882,-0.027000000000000003
10515966,1.354,1.8130000000000002,1.925,-0.032
10522084,1.4,1.868,1.9969999999999999,-0.045
10522111,1.4069999999999998,1.9140000000000001,2.036,-0.075
10525282,1.369,1.835,1.9509999999999998,-0.038
10525475,1.4040000000000001,1.905,2.028,-0.069
10527889,1.4080000000000001,1.868,2.003,-0.042
10528911,1.4809999999999999,2.006,2.161,-0.11800000000000001
10537376,1.416,1.906,2.036,-0.064
10545081,1.432,1.9240000000000002,2.062,-0.07200000000000001
10545152,1.401,1.885,2.011,-0.055999999999999994
10549650,1.42,1.903,2.0380000000000003,-0.061
10550359,1.416,1.9040000000000001,2.035,-0.063
10552614,1.383,1.839,1.964,-0.032
10587122,1.4469999999999998,1.9369999999999998,2.082,-0.077
10590683,1.4169999999999998,1.923,2.049,-0.076
10592249,1.4480000000000002,1.939,2.086,-0.078
10599712,1.422,1.906,2.041,-0.062
10602374,1.4480000000000002,1.93,2.079,-0.073
10602976,1.385,1.857,1.979,-0.044000000000000004
10603170,1.4169999999999998,1.8940000000000001,2.029,-0.055999999999999994
10604255,1.4469999999999998,1.964,2.103,-0.094
10604460,1.4809999999999999,2.002,2.158,-0.11599999999999999
10609343,1.445,1.935,2.08,-0.076
10613106,1.3530000000000002,1.8030000000000002,1.9169999999999998,-0.024
10614000,1.425,1.9180000000000001,2.052,-0.07
10614707,1.383,1.8559999999999999,1.9769999999999999,-0.044000000000000004
10615356,1.3880000000000001,1.85,1.975,-0.038
10618005,1.419,1.915,2.045,-0.069
10620267,1.32,1.7519999999999998,1.859,-0.011000000000000001
10651578,1.385,1.859,1.979,-0.046
10653194,1.415,1.9040000000000001,2.035,-0.064
10653200,1.411,1.883,2.016,-0.051
10653383,1.393,1.859,1.986,-0.040999999999999995
10659100,1.462,1.976,2.124,-0.1
10662618,1.43,1.9240000000000002,2.061,-0.07200000000000001
10664514,1.357,1.815,1.929,-0.031
10666932,1.4469999999999998,1.929,2.077,-0.07200000000000001
10667309,1.4609999999999999,1.9969999999999999,2.1390000000000002,-0.114
10667886,1.465,1.959,2.113,-0.08900000000000001
10667966,1.361,1.835,1.9469999999999998,-0.045
10669123,1.385,1.847,1.9709999999999999,-0.037000000000000005
10678779,1.399,1.8630000000000002,1.993,-0.042
10679090,1.3940000000000001,1.8630000000000002,1.9880000000000002,-0.044000000000000004
10683016,1.393,1.858,1.985,-0.040999999999999995
10683330,1.375,1.821,1.945,-0.025
10683647,1.49,1.9909999999999999,2.157,-0.111
10684584,1.3730000000000002,1.8430000000000002,1.96,-0.040999999999999995
10685283,1.42,1.882,2.021,-0.048
10711145,1.375,1.8430000000000002,1.9609999999999999,-0.04
10718902,1.402,1.8840000000000001,2.011,-0.055
10721900,1.4469999999999998,1.93,2.077,-0.073
10723388,1.4240000000000002,1.929,2.06,-0.077
10724027,1.393,1.876,1.9980000000000002,-0.054000000000000006
10724041,1.475,1.9780000000000002,2.135,-0.10099999999999999
10728179,1.376,1.8330000000000002,1.954,-0.032
10733042,1.3519999999999999,1.82,1.929,-0.039
10734179,1.413,1.89,2.023,-0.054000000000000006
10734241,1.436,1.944,2.08,-0.083
10735027,1.452,1.9409999999999998,2.09,-0.079
10735077,1.452,1.9669999999999999,2.11,-0.095
10735926,1.367,1.8219999999999998,1.94,-0.028999999999999998
10742794,1.4240000000000002,1.9369999999999998,2.066,-0.083
10743887,1.479,1.9769999999999999,2.138,-0.10099999999999999
10749235,1.432,1.9069999999999998,2.049,-0.061
10749954,1.364,1.811,1.93,-0.023
10750730,1.4909999999999999,2.003,2.167,-0.11800000000000001
10778969,1.391,1.861,1.986,-0.044000000000000004
10783198,1.386,1.882,1.9980000000000002,-0.064
10788540,1.412,1.883,2.016,-0.05
10792949,1.446,1.901,2.055,-0.057
10799530,1.443,1.931,2.075,-0.07400000000000001
10809277,1.4509999999999998,1.945,2.092,-0.08199999999999999
10809457,1.4180000000000001,1.8940000000000001,2.029,-0.055999999999999994
10813862,1.47,1.9980000000000002,2.147,-0.113
10814091,1.4040000000000001,1.849,1.986,-0.031
10815014,1.4680000000000002,1.97,2.124,-0.096
10815462,1.464,1.975,2.125,-0.099
10816214,1.401,1.871,2.0,-0.046
10817319,1.405,1.87,2.002,-0.044000000000000004
10842958,1.374,1.844,1.9609999999999999,-0.040999999999999995
10848618,1.4169999999999998,1.9040000000000001,2.036,-0.063
10857953,1.4569999999999999,1.954,2.103,-0.087
10858331,1.395,1.8980000000000001,2.017,-0.07
10859941,1.4069999999999998,1.892,2.02,-0.057999999999999996
10860146,1.465,1.949,2.105,-0.084
10864755,1.511,2.029,2.2030000000000003,-0.13699999999999998
10866694,1.4709999999999999,1.983,2.136,-0.10400000000000001
10873579,1.459,1.9780000000000002,2.123,-0.10099999999999999
10874337,1.4340000000000002,1.92,2.06,-0.068
10879372,1.5030000000000001,2.009,2.182,-0.124
10879440,1.4280000000000002,1.9180000000000001,2.0540000000000003,-0.068
10879853,1.4169999999999998,1.899,2.032,-0.059000000000000004
10880958,1.4180000000000001,1.9080000000000001,2.04,-0.065
10902770,1.359,1.835,1.946,-0.047
10903291,1.3459999999999999,1.79,1.903,-0.02
10907196,1.386,1.849,1.974,-0.038
10908442,1.391,1.857,1.983,-0.040999999999999995
10910541,1.399,1.903,2.023,-0.071
10910802,1.508,2.0580000000000003,2.224,-0.154
10918731,1.452,1.933,2.084,-0.07400000000000001
10922821,1.465,1.954,2.11,-0.087
10931902,1.48,1.986,2.145,-0.106
10932891,1.367,1.831,1.9469999999999998,-0.036000000000000004
10934588,1.436,1.9280000000000002,2.068,-0.073
10934758,1.406,1.868,2.002,-0.043
10934929,1.462,1.9669999999999999,2.117,-0.095
10936814,1.4,1.87,1.999,-0.046
10937597,1.382,1.8430000000000002,1.966,-0.036000000000000004
10937936,1.405,1.868,2.0,-0.043
10938167,1.3630000000000002,1.8159999999999998,1.933,-0.027000000000000003
10961390,1.495,2.017,2.181,-0.127
10962775,1.374,1.844,1.962,-0.042
10964584,1.391,1.8980000000000001,2.0140000000000002,-0.07200000000000001
10966950,1.444,1.9669999999999999,2.103,-0.09699999999999999
10971893,1.463,1.9480000000000002,2.103,-0.083
10974984,1.4969999999999999,2.0069999999999997,2.175,-0.121
10975126,1.382,1.867,1.984,-0.054000000000000006
10977629,1.501,2.04,2.2030000000000003,-0.141
10978509,1.462,1.996,2.1390000000000002,-0.11199999999999999
10978857,1.4880000000000002,1.973,2.142,-0.10099999999999999
10988898,1.432,1.905,2.048,-0.06
10990243,1.412,1.8869999999999998,2.02,-0.053
10990704,1.4069999999999998,1.9,2.025,-0.064
10991398,1.3940000000000001,1.874,1.9969999999999999,-0.052000000000000005
11019954,1.375,1.845,1.963,-0.040999999999999995
11028575,1.3940000000000001,1.867,1.992,-0.047
11029151,1.4269999999999998,1.912,2.049,-0.065
11029396,1.463,1.97,2.12,-0.096
11029591,1.453,1.98,2.12,-0.10400000000000001
11037290,1.429,1.903,2.044,-0.059000000000000004
11037923,1.472,1.98,2.134,-0.102
11042262,1.4240000000000002,1.906,2.042,-0.062
11043690,1.485,2.0069999999999997,2.165,-0.11900000000000001
11043882,1.422,1.923,2.0540000000000003,-0.07400000000000001
11046644,1.403,1.881,2.008,-0.052000000000000005
11046878,1.436,1.912,2.056,-0.063
11072470,1.4680000000000002,1.9709999999999999,2.125,-0.09699999999999999
11075908,1.3969999999999998,1.8730000000000002,1.9980000000000002,-0.049
11081517,1.421,1.9,2.036,-0.059000000000000004
11081838,1.474,1.989,2.1430000000000002,-0.10800000000000001
11083701,1.446,1.954,2.095,-0.08800000000000001
11084086,1.386,1.85,1.974,-0.039
11087963,1.42,1.885,2.024,-0.049
11090395,1.39,1.868,1.99,-0.049
11098995,1.4180000000000001,1.901,2.035,-0.06
11099737,1.413,1.88,2.016,-0.048
11126471,1.396,1.86,1.9880000000000002,-0.040999999999999995
11128910,1.385,1.848,1.9709999999999999,-0.038
11129480,1.425,1.889,2.031,-0.051
11133969,1.4409999999999998,1.9780000000000002,2.11,-0.106
11135286,1.476,1.973,2.1319999999999997,-0.099
11136338,1.426,1.935,2.065,-0.081
11140831,1.361,1.82,1.935,-0.032
11145563,1.369,1.84,1.955,-0.042
11146152,1.474,1.974,2.1319999999999997,-0.099
11152281,1.386,1.8559999999999999,1.9780000000000002,-0.043
11152312,1.4,1.8769999999999998,2.004,-0.051
11152894,1.3940000000000001,1.861,1.9869999999999999,-0.043
11175619,1.411,1.9240000000000002,2.0469999999999997,-0.08
11188067,1.449,1.9380000000000002,2.085,-0.078
11189648,1.3980000000000001,1.8780000000000001,2.003,-0.052000000000000005
11196963,1.4480000000000002,1.9869999999999999,2.121,-0.11
11197101,1.392,1.8880000000000001,2.0069999999999997,-0.063
11197457,1.4069999999999998,1.879,2.01,-0.05
11199105,1.5090000000000001,2.037,2.208,-0.142
11199783,1.413,1.8780000000000001,2.0140000000000002,-0.047
11200573,1.433,1.926,2.064,-0.07200000000000001
11230630,1.399,1.882,2.006,-0.055
11234625,1.3980000000000001,1.8769999999999998,2.002,-0.051
11235816,1.4280000000000002,1.912,2.05,-0.064
11242934,1.4509999999999998,1.952,2.0980000000000003,-0.086
11245234,1.43,1.922,2.06,-0.071
11245339,1.423,1.893,2.032,-0.054000000000000006
11246127,1.3519999999999999,1.808,1.921,-0.028999999999999998
11247049,1.415,1.8880000000000001,2.022,-0.052000000000000005
11247419,1.52,2.0669999999999997,2.24,-0.163
11252233,1.449,1.949,2.094,-0.084
11252437,1.4709999999999999,1.983,2.136,-0.10400000000000001
11252706,1.399,1.867,1.996,-0.045
11253076,1.4080000000000001,1.913,2.037,-0.073
11284760,1.416,1.8940000000000001,2.028,-0.055999999999999994
11287896,1.4,1.8630000000000002,1.993,-0.042
11289335,1.454,1.942,2.092,-0.08
11289515,1.443,1.9509999999999998,2.09,-0.086
11289759,1.436,1.9240000000000002,2.065,-0.07
11289990,1.4269999999999998,1.911,2.049,-0.064
11294409,1.439,1.94,2.08,-0.08
11295350,1.406,1.892,2.0180000000000002,-0.059000000000000004
11296805,1.393,1.861,1.986,-0.043
11298371,1.4509999999999998,1.9469999999999998,2.093,-0.083
11298561,1.431,1.9169999999999998,2.056,-0.067
11299941,1.482,1.984,2.146,-0.105
11302791,1.45,1.9269999999999998,2.0780000000000003,-0.071
11307599,1.364,1.8319999999999999,1.9469999999999998,-0.039
11308660,1.442,1.931,2.074,-0.07400000000000001
11337714,1.4469999999999998,1.9269999999999998,2.076,-0.071
11339000,1.399,1.867,1.996,-0.044000000000000004
11341723,1.376,1.864,1.9780000000000002,-0.055999999999999994
11351140,1.3719999999999999,1.847,1.963,-0.045
11352644,1.436,1.9609999999999999,2.092,-0.096
11352756,1.465,1.993,2.1390000000000002,-0.11
11355933,1.423,1.895,2.0340000000000003,-0.055
11357931,1.3940000000000001,1.8659999999999999,1.9909999999999999,-0.046
11358607,1.379,1.849,1.9680000000000002,-0.042
11358810,1.304,1.7209999999999999,1.827,0.001
11359175,1.411,1.886,2.019,-0.053
11394192,1.34,1.794,1.903,-0.027999999999999997
11394905,1.369,1.854,1.9669999999999999,-0.053
11395438,1.4169999999999998,1.895,2.029,-0.057
11401466,1.3980000000000001,1.8769999999999998,2.003,-0.052000000000000005
11403437,1.419,1.903,2.036,-0.061
11404925,1.452,1.949,2.096,-0.084
11408704,1.452,1.9369999999999998,2.086,-0.077
11409529,1.49,1.9809999999999999,2.15,-0.105
11410549,1.42,1.8869999999999998,2.026,-0.051
11410978,1.413,1.896,2.0269999999999997,-0.057999999999999996
11412190,1.3769999999999998,1.848,1.9669999999999999,-0.042
11414700,1.402,1.8769999999999998,2.005,-0.05
11415370,1.401,1.871,2.0,-0.047
11415994,1.396,1.8969999999999998,2.016,-0.068
11444313,1.4240000000000002,1.915,2.049,-0.068
11446151,1.423,1.909,2.044,-0.064
11446691,1.425,1.944,2.0709999999999997,-0.08800000000000001
11453627,1.4369999999999998,1.942,2.08,-0.08199999999999999
11455176,1.3769999999999998,1.849,1.9669999999999999,-0.043
11455925,1.406,1.901,2.025,-0.065
11456246,1.4509999999999998,1.936,2.085,-0.076
11456927,1.45,1.9809999999999999,2.1180000000000003,-0.105
11461138,1.496,1.993,2.1630000000000003,-0.113
11462972,1.423,1.8940000000000001,2.033,-0.054000000000000006
11463450,1.495,1.9909999999999999,2.161,-0.11199999999999999
11465784,1.413,1.892,2.024,-0.055999999999999994
11468340,1.393,1.859,1.986,-0.040999999999999995
11494312,1.431,1.909,2.05,-0.062
11495084,1.436,1.9509999999999998,2.084,-0.08800000000000001
11497421,1.41,1.921,2.044,-0.078
11498101,1.4269999999999998,1.911,2.049,-0.064
11505872,1.421,1.9180000000000001,2.049,-0.07
11509277,1.4169999999999998,1.875,2.0140000000000002,-0.044000000000000004
11512096,1.381,1.8730000000000002,1.9880000000000002,-0.06
11518690,1.445,1.9369999999999998,2.082,-0.078
11520923,1.406,1.89,2.017,-0.057999999999999996
11521155,1.3840000000000001,1.8359999999999999,1.963,-0.03
11554793,1.4240000000000002,1.919,2.052,-0.071
11559552,1.3840000000000001,1.871,1.989,-0.055999999999999994
11560054,1.411,1.913,2.0380000000000003,-0.07200000000000001
11564307,1.4080000000000001,1.88,2.012,-0.05
11564787,1.492,1.9909999999999999,2.1590000000000003,-0.11199999999999999
11566089,1.449,1.972,2.11,-0.1
11569659,1.3780000000000001,1.8530000000000002,1.97,-0.046
11572172,1.4380000000000002,1.952,2.0869999999999997,-0.08900000000000001
11597759,1.42,1.939,2.064,-0.086
11601378,1.423,1.902,2.039,-0.06
11605089,1.389,1.85,1.976,-0.037000000000000005
1160789,1.421,1.931,2.0580000000000003,-0.08
11611663,1.396,1.879,2.002,-0.055
11612171,1.4380000000000002,1.913,2.0580000000000003,-0.063
11614827,1.358,1.8259999999999998,1.9380000000000002,-0.039
11615224,1.4380000000000002,1.942,2.08,-0.08199999999999999
1161618,1.431,1.916,2.056,-0.067
11617622,1.452,1.953,2.099,-0.086
11622144,1.4040000000000001,1.8530000000000002,1.9880000000000002,-0.034
11623012,1.3880000000000001,1.857,1.9809999999999999,-0.043
11623195,1.4080000000000001,1.883,2.0140000000000002,-0.052000000000000005
1162746,1.389,1.8940000000000001,2.01,-0.071
11650219,1.389,1.865,1.9869999999999999,-0.048
11650784,1.42,1.8969999999999998,2.033,-0.057
11653073,1.413,1.893,2.025,-0.057
11663151,1.364,1.821,1.9380000000000002,-0.03
11663387,1.4469999999999998,1.95,2.093,-0.085
11667928,1.419,1.925,2.053,-0.076
11668036,1.4,1.857,1.989,-0.037000000000000005
11673900,1.401,1.864,1.995,-0.042
11674666,1.374,1.838,1.9569999999999999,-0.037000000000000005
11703230,1.399,1.883,2.0069999999999997,-0.055
11709871,1.386,1.8619999999999999,1.983,-0.048
11720493,1.4180000000000001,1.9069999999999998,2.039,-0.064
11721291,1.3780000000000001,1.834,1.9569999999999999,-0.032
11751835,1.4580000000000002,1.9569999999999999,2.106,-0.08800000000000001
11753211,1.369,1.825,1.944,-0.031
11754056,1.44,1.931,2.073,-0.07400000000000001
11757076,1.432,1.91,2.052,-0.063
11757206,1.518,2.049,2.225,-0.152
11759860,1.383,1.84,1.964,-0.033
11768570,1.416,1.902,2.0340000000000003,-0.062
11769823,1.469,1.996,2.144,-0.11199999999999999
11773657,1.409,1.886,2.017,-0.053
11774110,1.453,1.9469999999999998,2.095,-0.083
11775041,1.334,1.7919999999999998,1.8980000000000001,-0.032
11775398,1.442,1.943,2.084,-0.081
11802109,1.415,1.8980000000000001,2.03,-0.059000000000000004
11805460,1.4409999999999998,1.925,2.069,-0.07
11805792,1.4069999999999998,1.8940000000000001,2.021,-0.059000000000000004
11808481,1.393,1.8840000000000001,2.004,-0.06
11820688,1.426,1.903,2.042,-0.059000000000000004
11823838,1.36,1.837,1.949,-0.046
11824976,1.412,1.8880000000000001,2.021,-0.054000000000000006
11853719,1.459,1.956,2.106,-0.08800000000000001
11854450,1.3719999999999999,1.8559999999999999,1.97,-0.052000000000000005
11855110,1.3730000000000002,1.84,1.9580000000000002,-0.039
11860180,1.443,1.955,2.093,-0.08900000000000001
11860771,1.3869999999999998,1.835,1.963,-0.027999999999999997
11862360,1.472,1.982,2.136,-0.10300000000000001
11868246,1.462,1.955,2.108,-0.087
11870991,1.3659999999999999,1.84,1.953,-0.044000000000000004
11871718,1.4240000000000002,1.921,2.0540000000000003,-0.07200000000000001
11871882,1.3630000000000002,1.8330000000000002,1.9469999999999998,-0.040999999999999995
11872655,1.496,2.031,2.193,-0.135
11873200,1.3980000000000001,1.876,2.001,-0.051
11905393,1.416,1.896,2.029,-0.057
11908744,1.43,1.9140000000000001,2.053,-0.065
11913049,1.4580000000000002,2.0,2.1390000000000002,-0.11599999999999999
11913446,1.455,1.979,2.121,-0.102
11913802,1.4369999999999998,1.9569999999999999,2.09,-0.09300000000000001
11918016,1.419,1.9040000000000001,2.037,-0.062
11953581,1.4880000000000002,1.9880000000000002,2.153,-0.109
11953668,1.3869999999999998,1.876,1.994,-0.057999999999999996
11953849,1.401,1.8730000000000002,2.001,-0.048
11954278,1.4409999999999998,1.9269999999999998,2.0709999999999997,-0.07200000000000001
11955410,1.3969999999999998,1.874,1.999,-0.05
11957627,1.415,1.921,2.0469999999999997,-0.076
11960470,1.411,1.876,2.011,-0.046
11961034,1.472,1.975,2.131,-0.099
11961615,1.449,1.959,2.101,-0.09
11969106,1.411,1.868,2.005,-0.042
11969378,1.4269999999999998,1.911,2.048,-0.064
11969879,1.511,2.039,2.211,-0.14300000000000002
12003253,1.419,1.923,2.051,-0.075
12007558,1.3769999999999998,1.86,1.976,-0.052000000000000005
12011995,1.392,1.8780000000000001,1.9980000000000002,-0.055999999999999994
12021906,1.429,1.903,2.044,-0.059000000000000004
12023574,1.4580000000000002,1.986,2.128,-0.107
12053188,1.4769999999999999,2.008,2.16,-0.11900000000000001
12055552,1.435,1.912,2.055,-0.063
12056072,1.3980000000000001,1.886,2.008,-0.059000000000000004
12056767,1.403,1.871,2.002,-0.046
12067001,1.361,1.82,1.935,-0.031
12070114,1.425,1.909,2.046,-0.063
12070550,1.476,2.019,2.168,-0.126
12072570,1.48,2.0180000000000002,2.17,-0.126
12101990,1.4080000000000001,1.913,2.036,-0.073
12105938,1.3630000000000002,1.797,1.919,-0.013999999999999999
12108732,1.439,1.9280000000000002,2.07,-0.073
12109442,1.367,1.8419999999999999,1.956,-0.045
12110800,1.4140000000000001,1.881,2.017,-0.049
12114999,1.357,1.818,1.931,-0.033
12117099,1.357,1.841,1.95,-0.053
12117138,1.415,1.882,2.0180000000000002,-0.049
12119864,1.4140000000000001,1.881,2.017,-0.048
12120327,1.4169999999999998,1.909,2.04,-0.066
12121207,1.382,1.864,1.9809999999999999,-0.052000000000000005
12121377,1.3880000000000001,1.854,1.9780000000000002,-0.040999999999999995
12121656,1.376,1.8430000000000002,1.962,-0.04
12153488,1.3780000000000001,1.8459999999999999,1.965,-0.040999999999999995
12157006,1.3980000000000001,1.875,2.001,-0.051
12157465,1.4569999999999999,1.986,2.127,-0.107
12158327,1.452,1.936,2.086,-0.076
12158667,1.486,1.99,2.153,-0.109
12202431,1.443,1.946,2.0869999999999997,-0.083
12203653,1.399,1.861,1.992,-0.04
12204508,1.4169999999999998,1.891,2.026,-0.054000000000000006
12206828,1.446,1.93,2.077,-0.073
12207086,1.3869999999999998,1.8519999999999999,1.976,-0.04
12217239,1.479,2.005,2.1590000000000003,-0.11699999999999999
12257026,1.464,1.9669999999999999,2.119,-0.094
12302542,1.4080000000000001,1.876,2.008,-0.047
12304485,1.389,1.88,1.999,-0.059000000000000004
12305574,1.496,2.028,2.19,-0.133
12406029,1.396,1.8780000000000001,2.002,-0.053
12406844,1.379,1.857,1.974,-0.048
12418339,1.374,1.845,1.962,-0.042
12418515,1.368,1.838,1.953,-0.04
12454043,1.3559999999999999,1.828,1.939,-0.043
12455117,1.4269999999999998,1.923,2.057,-0.07200000000000001
12455357,1.464,1.989,2.135,-0.10800000000000001
12505388,1.4169999999999998,1.909,2.039,-0.066
12505459,1.4,1.892,2.015,-0.062
12506290,1.469,1.974,2.128,-0.099
12507291,1.402,1.8730000000000002,2.002,-0.048
12600471,1.4369999999999998,1.9569999999999999,2.089,-0.092
12643940,1.46,1.9869999999999999,2.13,-0.107
12644458,1.474,1.985,2.14,-0.105
12644579,1.3780000000000001,1.847,1.966,-0.040999999999999995
12645107,1.385,1.8519999999999999,1.975,-0.040999999999999995
12645202,1.376,1.8419999999999999,1.9609999999999999,-0.038
12647597,1.344,1.796,1.906,-0.026000000000000002
12690461,1.415,1.919,2.046,-0.07400000000000001
12735106,1.4609999999999999,1.9669999999999999,2.116,-0.094
12735291,1.431,1.9340000000000002,2.068,-0.078
12736410,1.4080000000000001,1.8869999999999998,2.017,-0.054000000000000006
12784948,1.348,1.8030000000000002,1.915,-0.027999999999999997
12785083,1.442,1.9480000000000002,2.088,-0.085
12884930,1.374,1.825,1.9469999999999998,-0.027000000000000003
1435573,1.4469999999999998,1.9409999999999998,2.086,-0.08
1726211,1.34,1.81,1.916,-0.042
1868101,1.482,1.98,2.1430000000000002,-0.10300000000000001
1873510,1.329,1.7790000000000001,1.885,-0.025
1995859,1.367,1.815,1.935,-0.024
2015820,1.405,1.87,2.002,-0.044000000000000004
2016706,1.412,1.8880000000000001,2.021,-0.054000000000000006
2141928,1.4509999999999998,1.946,2.093,-0.08199999999999999
2156178,1.367,1.8519999999999999,1.964,-0.053
2164327,1.403,1.8630000000000002,1.995,-0.04
2165615,1.3159999999999998,1.761,1.865,-0.021
2284330,1.386,1.86,1.9809999999999999,-0.046
2285898,1.411,1.893,2.023,-0.057999999999999996
2297384,1.507,2.0269999999999997,2.199,-0.135
2297825,1.501,2.01,2.18,-0.124
2303367,1.4669999999999999,1.976,2.127,-0.1
2304104,1.486,1.984,2.149,-0.106
2305930,1.367,1.859,1.97,-0.06
2306481,1.365,1.814,1.932,-0.025
2309469,1.474,1.983,2.1390000000000002,-0.10400000000000001
2424934,1.3880000000000001,1.86,1.982,-0.045
2436417,1.5130000000000001,2.049,2.221,-0.15
2437353,1.501,2.02,2.189,-0.13
2437564,1.507,2.028,2.199,-0.136
2437804,1.5119999999999998,2.032,2.207,-0.14
2438051,1.511,2.04,2.211,-0.14400000000000002
2441995,1.386,1.874,1.992,-0.057
2448225,1.459,1.95,2.102,-0.084
2448679,1.401,1.8630000000000002,1.994,-0.040999999999999995
2449327,1.466,1.986,2.134,-0.106
2449703,1.456,1.972,2.117,-0.098
2556640,1.382,1.844,1.9669999999999999,-0.037000000000000005
2557942,1.4040000000000001,1.879,2.008,-0.051
2569055,1.504,2.025,2.195,-0.134
2569945,1.5019999999999998,2.011,2.182,-0.125
2570214,1.506,2.0469999999999997,2.213,-0.147
2570715,1.429,1.954,2.082,-0.09300000000000001
2575024,1.4380000000000002,1.9340000000000002,2.074,-0.077
2714397,1.37,1.8630000000000002,1.975,-0.06
2719113,1.485,1.9980000000000002,2.1590000000000003,-0.114
2836038,1.473,1.9680000000000002,2.126,-0.095
2854297,1.436,1.96,2.092,-0.094
2970396,1.454,1.976,2.1180000000000003,-0.10099999999999999
2973894,1.335,1.8130000000000002,1.9180000000000001,-0.051
2987113,1.5,2.012,2.181,-0.125
2988988,1.4409999999999998,1.926,2.0709999999999997,-0.071
2992350,1.383,1.849,1.9709999999999999,-0.039
2996019,1.4569999999999999,1.943,2.095,-0.08
2996112,1.44,1.9480000000000002,2.086,-0.085
3098045,1.386,1.8659999999999999,1.986,-0.05
3099949,1.364,1.828,1.943,-0.037000000000000005
3100053,1.436,1.949,2.084,-0.087
3101090,1.42,1.9080000000000001,2.041,-0.064
3101632,1.485,1.9909999999999999,2.153,-0.11
3102479,1.4480000000000002,1.926,2.075,-0.071
3119526,1.3840000000000001,1.847,1.97,-0.037000000000000005
3121940,1.433,1.956,2.086,-0.09300000000000001
3122548,1.4080000000000001,1.892,2.021,-0.057999999999999996
3215565,1.3980000000000001,1.876,2.001,-0.052000000000000005
3216467,1.515,2.031,2.208,-0.14
3217051,1.4680000000000002,1.9569999999999999,2.113,-0.08800000000000001
3222220,1.44,1.931,2.073,-0.07400000000000001
3222670,1.374,1.845,1.962,-0.043
3231208,1.357,1.82,1.932,-0.035
3232813,1.415,1.892,2.025,-0.055
3232838,1.446,1.932,2.079,-0.07400000000000001
3234655,1.35,1.795,1.91,-0.02
3238626,1.5,2.02,2.187,-0.129
3241374,1.401,1.87,2.0,-0.046
3323401,1.4409999999999998,1.9409999999999998,2.081,-0.08
3323943,1.399,1.8840000000000001,2.008,-0.057
3326790,1.4469999999999998,1.9769999999999999,2.112,-0.10300000000000001
3336731,1.3659999999999999,1.82,1.939,-0.027999999999999997
3337581,1.426,1.8769999999999998,2.022,-0.044000000000000004
3346398,1.3940000000000001,1.85,1.979,-0.035
3348134,1.385,1.849,1.972,-0.038
3355015,1.4040000000000001,1.8780000000000001,2.0069999999999997,-0.05
3424384,1.4069999999999998,1.9180000000000001,2.04,-0.078
3425476,1.4040000000000001,1.87,2.002,-0.044000000000000004
3425675,1.399,1.88,2.005,-0.053
3427629,1.505,2.019,2.191,-0.13
3431022,1.3659999999999999,1.8259999999999998,1.942,-0.033
3439466,1.368,1.844,1.9580000000000002,-0.047
3445572,1.4040000000000001,1.868,2.0,-0.043
3448729,1.425,1.925,2.057,-0.075
3453419,1.432,1.8980000000000001,2.043,-0.055999999999999994
3455843,1.4469999999999998,1.942,2.086,-0.08
3458703,1.4,1.881,2.006,-0.054000000000000006
3525541,1.393,1.89,2.008,-0.065
3526625,1.435,1.922,2.063,-0.069
3526995,1.423,1.909,2.044,-0.064
3529097,1.463,1.9580000000000002,2.1109999999999998,-0.08900000000000001
3529480,1.423,1.893,2.032,-0.054000000000000006
3533480,1.431,1.9380000000000002,2.0709999999999997,-0.081
3541631,1.39,1.865,1.9869999999999999,-0.048
3541897,1.327,1.756,1.8659999999999999,-0.008
3544637,1.421,1.912,2.044,-0.066
3544887,1.367,1.82,1.939,-0.027999999999999997
3560181,1.475,1.98,2.137,-0.102
3631402,1.412,1.87,2.0069999999999997,-0.042
3634720,1.393,1.851,1.979,-0.036000000000000004
3646628,1.4280000000000002,1.916,2.053,-0.067
3727412,1.411,1.896,2.025,-0.06
3728936,1.37,1.817,1.939,-0.024
3730689,1.411,1.867,2.004,-0.040999999999999995
3736401,1.4369999999999998,1.932,2.072,-0.075
3736477,1.37,1.86,1.972,-0.057
3745153,1.369,1.818,1.939,-0.025
3748691,1.4240000000000002,1.905,2.042,-0.061
3756737,1.4980000000000002,2.019,2.185,-0.129
3760337,1.4340000000000002,1.912,2.055,-0.064
3833399,1.4480000000000002,1.965,2.105,-0.094
3835454,1.463,1.974,2.122,-0.098
3838075,1.446,1.939,2.084,-0.079
3847667,1.413,1.8880000000000001,2.021,-0.053
3849027,1.3659999999999999,1.837,1.9509999999999998,-0.042
3849996,1.3730000000000002,1.874,1.986,-0.068
3855032,1.4909999999999999,1.9969999999999999,2.1630000000000003,-0.115
3858850,1.52,2.053,2.23,-0.155
3869326,1.4180000000000001,1.871,2.012,-0.040999999999999995
3934458,1.396,1.87,1.996,-0.048
3936921,1.485,2.023,2.178,-0.129
3937217,1.413,1.9140000000000001,2.04,-0.071
3941538,1.4769999999999999,1.9869999999999999,2.144,-0.107
3942203,1.4169999999999998,1.9080000000000001,2.039,-0.066
3947121,1.4580000000000002,1.962,2.11,-0.091
3951748,1.376,1.864,1.979,-0.055999999999999994
3951839,1.442,1.916,2.064,-0.065
3952656,1.425,1.896,2.036,-0.055
3954000,1.391,1.85,1.9780000000000002,-0.036000000000000004
3956793,1.439,1.94,2.08,-0.08
3958463,1.469,1.97,2.125,-0.096
3970223,1.4280000000000002,1.893,2.036,-0.053
4036007,1.34,1.797,1.906,-0.03
4039306,1.4,1.881,2.006,-0.053
4042951,1.3330000000000002,1.794,1.899,-0.034
4043436,1.462,1.97,2.119,-0.096
4057076,1.4080000000000001,1.886,2.017,-0.054000000000000006
4058004,1.392,1.86,1.985,-0.043
4060545,1.369,1.817,1.9380000000000002,-0.024
4063998,1.389,1.858,1.982,-0.043
4071104,1.504,2.019,2.19,-0.13
4139914,1.401,1.88,2.0069999999999997,-0.053
4141815,1.399,1.867,1.996,-0.045
4143460,1.389,1.882,2.001,-0.06
4144103,1.386,1.84,1.966,-0.032
4157276,1.368,1.8259999999999998,1.944,-0.031
4164910,1.433,1.91,2.053,-0.063
4169130,1.436,1.9140000000000001,2.057,-0.064
4243796,1.4569999999999999,1.954,2.103,-0.086
4245297,1.392,1.875,1.996,-0.054000000000000006
4249128,1.443,1.919,2.066,-0.067
4275625,1.4469999999999998,1.942,2.086,-0.08
4276070,1.433,1.885,2.0340000000000003,-0.048
4281702,1.368,1.8419999999999999,1.956,-0.044000000000000004
4283517,1.376,1.841,1.96,-0.038
4346319,1.4169999999999998,1.8769999999999998,2.016,-0.045
4346893,1.5019999999999998,2.021,2.19,-0.131
4356390,1.406,1.875,2.0069999999999997,-0.047
4356964,1.3980000000000001,1.8619999999999999,1.992,-0.042
4365609,1.367,1.8330000000000002,1.949,-0.038
4445711,1.37,1.841,1.956,-0.042
4446181,1.385,1.874,1.9909999999999999,-0.057999999999999996
4448636,1.489,1.9980000000000002,2.162,-0.115
4455528,1.415,1.9080000000000001,2.037,-0.066
4456739,1.4809999999999999,1.97,2.134,-0.098
4457395,1.43,1.916,2.055,-0.066
4459786,1.393,1.8530000000000002,1.982,-0.037000000000000005
4460015,1.425,1.9409999999999998,2.069,-0.086
4475934,1.413,1.89,2.023,-0.054000000000000006
4546625,1.442,1.939,2.081,-0.079
4548530,1.431,1.9580000000000002,2.086,-0.096
4554044,1.459,1.943,2.096,-0.08
4555699,1.412,1.8969999999999998,2.0269999999999997,-0.06
4569298,1.472,1.9709999999999999,2.127,-0.09699999999999999
4575396,1.4569999999999999,1.965,2.1109999999999998,-0.09300000000000001
4575645,1.4509999999999998,1.932,2.083,-0.07400000000000001
4586875,1.5090000000000001,2.036,2.208,-0.141
4633907,1.4380000000000002,1.94,2.0780000000000003,-0.08
4634310,1.46,1.956,2.1069999999999998,-0.08800000000000001
4640537,1.4609999999999999,1.965,2.115,-0.09300000000000001
4644573,1.4140000000000001,1.9140000000000001,2.041,-0.071
4645692,1.411,1.8869999999999998,2.019,-0.053
4646012,1.421,1.892,2.03,-0.053
4646245,1.4609999999999999,1.9369999999999998,2.094,-0.077
4661299,1.361,1.835,1.946,-0.044000000000000004
4739728,1.42,1.899,2.0340000000000003,-0.057999999999999996
4741931,1.413,1.8780000000000001,2.013,-0.047
4751953,1.4080000000000001,1.922,2.043,-0.08
4755467,1.3869999999999998,1.861,1.983,-0.046
4760954,1.421,1.8940000000000001,2.031,-0.054000000000000006
4764420,1.432,1.91,2.052,-0.063
4764422,1.416,1.911,2.04,-0.068
4770149,1.425,1.912,2.0469999999999997,-0.065
4772722,1.439,1.913,2.059,-0.064
4813971,1.4680000000000002,1.965,2.12,-0.09300000000000001
4824985,1.4609999999999999,1.976,2.123,-0.1
4828670,1.446,1.9240000000000002,2.072,-0.07
4829985,1.454,1.9469999999999998,2.096,-0.083
4832708,1.3980000000000001,1.8840000000000001,2.0069999999999997,-0.057
4843143,1.4669999999999999,1.979,2.13,-0.102
4845694,1.48,1.9809999999999999,2.142,-0.10400000000000001
4851519,1.3780000000000001,1.871,1.985,-0.06
4857853,1.494,2.016,2.1790000000000003,-0.126
4903283,1.357,1.8090000000000002,1.923,-0.026000000000000002
4918972,1.41,1.901,2.029,-0.063
4920997,1.328,1.764,1.8719999999999999,-0.013999999999999999
4930617,1.416,1.8780000000000001,2.016,-0.046
4930906,1.4609999999999999,1.964,2.114,-0.092
4933594,1.453,1.9409999999999998,2.0909999999999997,-0.079
4937011,1.4140000000000001,1.9269999999999998,2.051,-0.081
4937257,1.41,1.9180000000000001,2.041,-0.076
4945337,1.482,1.975,2.1390000000000002,-0.10099999999999999
4949473,1.456,1.931,2.085,-0.073
4951617,1.395,1.8530000000000002,1.982,-0.036000000000000004
4991425,1.3780000000000001,1.8719999999999999,1.985,-0.061
5000307,1.348,1.788,1.903,-0.016
5001658,1.423,1.931,2.06,-0.079
5005217,1.4509999999999998,1.926,2.0780000000000003,-0.07
5006206,1.3980000000000001,1.86,1.99,-0.04
5009393,1.466,1.975,2.126,-0.099
5017711,1.442,1.935,2.0780000000000003,-0.077
5018570,1.375,1.8330000000000002,1.954,-0.033
5021453,1.4180000000000001,1.942,2.066,-0.09
5083936,1.349,1.811,1.921,-0.034
5084662,1.347,1.8019999999999998,1.913,-0.027000000000000003
5088362,1.4180000000000001,1.874,2.015,-0.043
5096092,1.474,1.9609999999999999,2.122,-0.091
5097873,1.376,1.8230000000000002,1.9469999999999998,-0.025
5098143,1.4869999999999999,2.006,2.166,-0.11900000000000001
5104573,1.4140000000000001,1.883,2.0180000000000002,-0.05
5104949,1.4480000000000002,1.964,2.104,-0.094
5111300,1.463,1.959,2.1109999999999998,-0.08900000000000001
5111949,1.42,1.893,2.031,-0.055
5112373,1.411,1.889,2.021,-0.054000000000000006
5112387,1.405,1.8880000000000001,2.016,-0.055999999999999994
5112401,1.4080000000000001,1.88,2.012,-0.05
5112467,1.403,1.868,2.0,-0.043
5112938,1.391,1.859,1.984,-0.042
5112974,1.401,1.893,2.017,-0.062
5121605,1.45,1.94,2.0869999999999997,-0.078
5123226,1.446,1.9340000000000002,2.08,-0.075
5129011,1.4,1.859,1.99,-0.039
5167473,1.376,1.8559999999999999,1.972,-0.049
5175734,1.425,1.936,2.065,-0.08199999999999999
5181782,1.444,1.92,2.0669999999999997,-0.067
5183935,1.364,1.807,1.9269999999999998,-0.02
5184276,1.38,1.865,1.9809999999999999,-0.054000000000000006
5200152,1.383,1.8659999999999999,1.984,-0.052000000000000005
5202286,1.4169999999999998,1.9369999999999998,2.061,-0.086
5208056,1.413,1.896,2.0269999999999997,-0.059000000000000004
5210624,1.423,1.9040000000000001,2.04,-0.061
5211720,1.403,1.861,1.994,-0.039
5213512,1.3430000000000002,1.7819999999999998,1.895,-0.016
5219465,1.338,1.797,1.905,-0.032
5253782,1.395,1.8630000000000002,1.99,-0.043
5256019,1.3780000000000001,1.854,1.9709999999999999,-0.047
5263007,1.412,1.896,2.026,-0.059000000000000004
5264406,1.4169999999999998,1.9269999999999998,2.053,-0.079
5264655,1.473,1.989,2.142,-0.107
5266416,1.421,1.896,2.033,-0.057
5269165,1.421,1.9269999999999998,2.056,-0.077
5270933,1.486,1.9880000000000002,2.1519999999999997,-0.109
5271191,1.4380000000000002,1.9140000000000001,2.0580000000000003,-0.064
5271626,1.435,1.902,2.048,-0.057999999999999996
5272843,1.4409999999999998,1.96,2.095,-0.09300000000000001
5284127,1.49,1.955,2.13,-0.092
5285357,1.411,1.905,2.033,-0.066
5288716,1.379,1.874,1.9880000000000002,-0.062
5304515,1.3869999999999998,1.8519999999999999,1.9769999999999999,-0.04
5306095,1.381,1.854,1.973,-0.045
5339687,1.439,1.954,2.089,-0.08900000000000001
5339823,1.392,1.876,1.9969999999999999,-0.054000000000000006
5352699,1.412,1.896,2.026,-0.06
5353108,1.4169999999999998,1.874,2.013,-0.044000000000000004
5353178,1.422,1.9140000000000001,2.046,-0.068
5353200,1.4080000000000001,1.9,2.026,-0.063
5359478,1.41,1.881,2.0140000000000002,-0.049
5374221,1.425,1.9409999999999998,2.069,-0.085
5376963,1.402,1.858,1.9909999999999999,-0.037000000000000005
5383359,1.4340000000000002,1.92,2.06,-0.069
5395997,1.39,1.8519999999999999,1.9780000000000002,-0.038
5427229,1.415,1.879,2.016,-0.047
5430086,1.5319999999999998,2.0709999999999997,2.254,-0.17
5435961,1.463,1.959,2.112,-0.09
5436082,1.421,1.895,2.032,-0.055999999999999994
5445796,1.42,1.929,2.056,-0.079
5451290,1.355,1.84,1.9480000000000002,-0.053
5455901,1.369,1.7990000000000002,1.9240000000000002,-0.013000000000000001
5461447,1.4509999999999998,1.972,2.112,-0.098
5474712,1.361,1.815,1.931,-0.027999999999999997
5476034,1.4369999999999998,1.9169999999999998,2.061,-0.066
5477973,1.425,1.901,2.039,-0.057999999999999996
5478010,1.39,1.858,1.983,-0.042
5478864,1.4,1.875,2.002,-0.05
5511566,1.3119999999999998,1.757,1.859,-0.023
5512777,1.422,1.935,2.063,-0.08199999999999999
5512910,1.35,1.811,1.922,-0.033
5514974,1.429,1.9169999999999998,2.0540000000000003,-0.068
5515939,1.35,1.8159999999999998,1.925,-0.037000000000000005
5517118,1.452,1.939,2.088,-0.078
5517442,1.38,1.839,1.962,-0.034
5525753,1.4040000000000001,1.8780000000000001,2.0069999999999997,-0.05
5526083,1.3769999999999998,1.835,1.9569999999999999,-0.032
5531278,1.495,2.037,2.1959999999999997,-0.138
5534253,1.415,1.8940000000000001,2.0269999999999997,-0.055999999999999994
5545340,1.411,1.8840000000000001,2.017,-0.051
5553045,1.445,1.932,2.0780000000000003,-0.07400000000000001
5556683,1.349,1.798,1.911,-0.024
5558488,1.39,1.854,1.98,-0.04
5566037,1.444,1.936,2.08,-0.077
5566273,1.4,1.857,1.989,-0.038
5596344,1.375,1.8419999999999999,1.9609999999999999,-0.039
5599763,1.485,1.989,2.1519999999999997,-0.109
5602545,1.3719999999999999,1.8359999999999999,1.954,-0.036000000000000004
5616489,1.3980000000000001,1.893,2.0140000000000002,-0.064
5620596,1.364,1.8159999999999998,1.9340000000000002,-0.026000000000000002
5622103,1.391,1.882,2.001,-0.06
5623569,1.4509999999999998,1.964,2.1069999999999998,-0.094
5640843,1.396,1.868,1.994,-0.047
5685000,1.361,1.827,1.94,-0.037000000000000005
5689750,1.48,1.984,2.144,-0.105
5702382,1.3969999999999998,1.8519999999999999,1.984,-0.035
5703348,1.3940000000000001,1.8630000000000002,1.989,-0.044000000000000004
5706760,1.43,1.905,2.046,-0.06
5707560,1.492,2.0069999999999997,2.171,-0.12
5709564,1.431,1.9569999999999999,2.085,-0.094
5721762,1.45,1.9340000000000002,2.083,-0.075
5722826,1.4140000000000001,1.881,2.017,-0.048
5723909,1.4409999999999998,1.921,2.066,-0.068
5728401,1.42,1.89,2.028,-0.053
5728738,1.464,1.9469999999999998,2.104,-0.083
5730384,1.456,1.9480000000000002,2.0980000000000003,-0.083
5731385,1.3769999999999998,1.844,1.963,-0.04
5732418,1.43,1.923,2.059,-0.071
5736877,1.3619999999999999,1.806,1.925,-0.021
5736976,1.426,1.933,2.064,-0.08
5771513,1.315,1.755,1.859,-0.018000000000000002
5772710,1.49,1.99,2.157,-0.11
5774861,1.436,1.9569999999999999,2.089,-0.092
5780142,1.446,1.972,2.108,-0.099
5781782,1.403,1.874,2.003,-0.048
5782127,1.409,1.8869999999999998,2.017,-0.054000000000000006
5782792,1.4380000000000002,1.9280000000000002,2.069,-0.073
5787509,1.479,1.9969999999999999,2.153,-0.113
5788354,1.369,1.83,1.9480000000000002,-0.034
5791135,1.409,1.8969999999999998,2.026,-0.061
5792421,1.345,1.835,1.9409999999999998,-0.059000000000000004
5794100,1.4180000000000001,1.964,2.084,-0.10800000000000001
5801446,1.39,1.8769999999999998,1.9969999999999999,-0.057
5808438,1.276,1.699,1.797,-0.01
5809445,1.379,1.819,1.9469999999999998,-0.021
5810333,1.4380000000000002,1.942,2.08,-0.081
5817028,1.335,1.767,1.879,-0.01
5822232,1.463,1.9480000000000002,2.104,-0.084
5854149,1.432,1.899,2.043,-0.055999999999999994
5855568,1.385,1.87,1.989,-0.055
5857548,1.3769999999999998,1.85,1.9680000000000002,-0.044000000000000004
5858034,1.369,1.829,1.9469999999999998,-0.033
5859492,1.475,1.972,2.131,-0.098
5872236,1.391,1.867,1.99,-0.049
5872509,1.409,1.885,2.016,-0.052000000000000005
5879728,1.376,1.8459999999999999,1.964,-0.042
5879876,1.413,1.946,2.066,-0.09699999999999999
5891971,1.29,1.72,1.819,-0.012
5892369,1.3980000000000001,1.865,1.993,-0.043
5896480,1.389,1.851,1.9769999999999999,-0.038
5944493,1.324,1.756,1.864,-0.01
5962470,1.393,1.8619999999999999,1.9880000000000002,-0.043
5964634,1.3159999999999998,1.79,1.893,-0.055
5965040,1.429,1.8940000000000001,2.0380000000000003,-0.054000000000000006
5977508,1.4469999999999998,1.922,2.072,-0.068
5981329,1.382,1.844,1.966,-0.036000000000000004
5981697,1.3840000000000001,1.8530000000000002,1.975,-0.042
6024360,1.3840000000000001,1.8519999999999999,1.974,-0.042
6032639,1.392,1.8519999999999999,1.98,-0.037000000000000005
6037660,1.431,1.935,2.069,-0.079
6037858,1.43,1.9069999999999998,2.048,-0.061
6045299,1.518,2.033,2.2119999999999997,-0.142
6048862,1.349,1.7819999999999998,1.899,-0.011000000000000001
6060903,1.386,1.861,1.982,-0.047
6100831,1.421,1.9380000000000002,2.064,-0.085
6106895,1.392,1.8780000000000001,1.999,-0.055999999999999994
6122627,1.401,1.865,1.996,-0.043
6125862,1.409,1.902,2.028,-0.064
6128428,1.415,1.8730000000000002,2.012,-0.043
6128774,1.351,1.784,1.902,-0.011000000000000001
6129581,1.416,1.879,2.016,-0.046
6131884,1.365,1.85,1.962,-0.054000000000000006
6140030,1.416,1.893,2.0269999999999997,-0.055999999999999994
6140748,1.475,1.982,2.1390000000000002,-0.10400000000000001
6140947,1.3780000000000001,1.834,1.9569999999999999,-0.031
6186435,1.506,2.02,2.193,-0.131
6192431,1.444,1.9269999999999998,2.073,-0.071
6196149,1.4509999999999998,1.973,2.113,-0.099
6198581,1.406,1.874,2.006,-0.046
6200565,1.41,1.883,2.015,-0.051
6203503,1.413,1.911,2.0380000000000003,-0.07
6210264,1.355,1.795,1.913,-0.017
6220899,1.4680000000000002,1.999,2.146,-0.114
6221641,1.3719999999999999,1.8259999999999998,1.9469999999999998,-0.03
6222355,1.419,1.886,2.024,-0.051
6231237,1.431,1.94,2.073,-0.083
6264398,1.4169999999999998,1.913,2.042,-0.069
6271732,1.389,1.871,1.9909999999999999,-0.053
6272933,1.464,1.956,2.11,-0.08800000000000001
6273063,1.514,2.0269999999999997,2.204,-0.13699999999999998
6279491,1.411,1.9369999999999998,2.0580000000000003,-0.09
6280936,1.429,1.892,2.035,-0.052000000000000005
6284459,1.4380000000000002,1.936,2.075,-0.077
6287950,1.4580000000000002,1.9780000000000002,2.122,-0.10099999999999999
6288543,1.374,1.847,1.964,-0.044000000000000004
6289573,1.4069999999999998,1.886,2.015,-0.055
6305709,1.399,1.8730000000000002,2.0,-0.048
6307578,1.38,1.844,1.965,-0.037000000000000005
6313603,1.3880000000000001,1.845,1.972,-0.035
6343543,1.367,1.84,1.954,-0.043
6345474,1.4409999999999998,1.939,2.08,-0.079
6346443,1.4040000000000001,1.882,2.01,-0.052000000000000005
6350918,1.349,1.8019999999999998,1.9140000000000001,-0.027000000000000003
6363090,1.405,1.879,2.009,-0.05
6363338,1.379,1.8730000000000002,1.9869999999999999,-0.061
6371008,1.46,1.982,2.127,-0.10300000000000001
6372328,1.4169999999999998,1.8880000000000001,2.024,-0.052000000000000005
6423690,1.359,1.844,1.953,-0.053
6425652,1.4080000000000001,1.913,2.036,-0.073
6428974,1.422,1.89,2.029,-0.052000000000000005
6429457,1.454,1.965,2.109,-0.094
6430534,1.485,2.021,2.176,-0.128
6430834,1.432,1.9069999999999998,2.049,-0.061
6447817,1.419,1.8980000000000001,2.032,-0.057999999999999996
6448010,1.433,1.913,2.055,-0.064
6465610,1.345,1.787,1.901,-0.018000000000000002
6468506,1.406,1.901,2.026,-0.065
6501869,1.3659999999999999,1.818,1.936,-0.027000000000000003
6502765,1.4180000000000001,1.93,2.056,-0.081
6505025,1.4169999999999998,1.8969999999999998,2.031,-0.057999999999999996
6508300,1.444,1.93,2.076,-0.073
6508328,1.464,1.955,2.109,-0.087
6508943,1.469,1.9669999999999999,2.122,-0.094
6509721,1.49,1.993,2.158,-0.11199999999999999
6510447,1.369,1.8119999999999998,1.9340000000000002,-0.02
6522571,1.338,1.768,1.882,-0.009000000000000001
6525150,1.4680000000000002,1.969,2.123,-0.096
6526657,1.4069999999999998,1.905,2.029,-0.068
6528720,1.409,1.882,2.0140000000000002,-0.05
6528942,1.368,1.8230000000000002,1.942,-0.028999999999999998
6543282,1.443,1.932,2.076,-0.07400000000000001
6579998,1.328,1.787,1.891,-0.033
6584091,1.449,1.9380000000000002,2.085,-0.077
6587345,1.484,2.003,2.162,-0.11699999999999999
6590675,1.51,2.041,2.2119999999999997,-0.14400000000000002
6593240,1.41,1.883,2.015,-0.051
6595127,1.515,2.032,2.209,-0.141
6605929,1.4080000000000001,1.871,2.005,-0.044000000000000004
6610828,1.3940000000000001,1.857,1.985,-0.04
6614588,1.392,1.858,1.984,-0.040999999999999995
6629205,1.4469999999999998,1.954,2.096,-0.087
6629315,1.3880000000000001,1.86,1.983,-0.045
6634762,1.43,1.903,2.045,-0.057999999999999996
6635892,1.44,1.956,2.0909999999999997,-0.091
6664950,1.4,1.895,2.0180000000000002,-0.064
6676788,1.3630000000000002,1.8319999999999999,1.946,-0.040999999999999995
6676885,1.47,1.9680000000000002,2.124,-0.095
6678322,1.415,1.891,2.024,-0.055
6678428,1.415,1.892,2.026,-0.055
6679278,1.435,1.922,2.063,-0.07
6680386,1.375,1.85,1.9669999999999999,-0.046
6681465,1.4269999999999998,1.909,2.0469999999999997,-0.063
6700591,1.396,1.86,1.9880000000000002,-0.040999999999999995
6701238,1.4040000000000001,1.903,2.026,-0.068
6705642,1.411,1.876,2.011,-0.046
6720476,1.382,1.845,1.9680000000000002,-0.037000000000000005
6751876,1.38,1.847,1.9669999999999999,-0.04
6755830,1.4480000000000002,1.9369999999999998,2.084,-0.077
6756017,1.419,1.9069999999999998,2.039,-0.064
6756908,1.449,1.955,2.0980000000000003,-0.08800000000000001
6762022,1.415,1.885,2.02,-0.05
6762434,1.4480000000000002,1.94,2.085,-0.079
6762612,1.4080000000000001,1.8659999999999999,2.001,-0.040999999999999995
6763330,1.344,1.79,1.902,-0.021
6767249,1.376,1.8330000000000002,1.955,-0.032
6768042,1.446,1.9480000000000002,2.09,-0.084
6768355,1.411,1.885,2.0180000000000002,-0.052000000000000005
6777888,1.446,1.9469999999999998,2.09,-0.083
6779009,1.466,1.972,2.124,-0.09699999999999999
6780490,1.425,1.9,2.039,-0.057999999999999996
6783485,1.449,1.945,2.09,-0.08199999999999999
6790382,1.446,1.926,2.074,-0.07
6791309,1.419,1.926,2.0540000000000003,-0.077
6836321,1.359,1.817,1.932,-0.031
6838707,1.431,1.916,2.055,-0.066
6842824,1.4469999999999998,1.974,2.1109999999999998,-0.10099999999999999
6842918,1.391,1.858,1.983,-0.042
6844293,1.3840000000000001,1.865,1.984,-0.051
6849167,1.385,1.8519999999999999,1.975,-0.040999999999999995
6850417,1.409,1.8880000000000001,2.0180000000000002,-0.055
6853266,1.416,1.919,2.046,-0.073
6854095,1.3840000000000001,1.865,1.984,-0.051
6860096,1.466,1.965,2.119,-0.09300000000000001
6863017,1.3880000000000001,1.864,1.986,-0.048
6864995,1.396,1.86,1.989,-0.040999999999999995
6866149,1.399,1.8619999999999999,1.992,-0.040999999999999995
6866587,1.432,1.9080000000000001,2.05,-0.061
6869093,1.3969999999999998,1.868,1.995,-0.046
6877259,1.465,1.9780000000000002,2.128,-0.10099999999999999
6878002,1.402,1.87,2.0,-0.046
6878403,1.419,1.893,2.029,-0.055
6929280,1.4569999999999999,1.9609999999999999,2.109,-0.091
6934127,1.4269999999999998,1.895,2.036,-0.055
6936796,1.4869999999999999,2.012,2.171,-0.12300000000000001
6936990,1.46,1.9980000000000002,2.1390000000000002,-0.114
6938892,1.45,1.9609999999999999,2.103,-0.092
6940048,1.354,1.858,1.964,-0.073
6951925,1.435,1.8980000000000001,2.045,-0.055
6952430,1.423,1.8980000000000001,2.035,-0.057
6955286,1.4469999999999998,1.9380000000000002,2.084,-0.078
6956582,1.453,1.922,2.077,-0.068
6957157,1.405,1.864,1.9980000000000002,-0.040999999999999995
6967600,1.432,1.9140000000000001,2.0540000000000003,-0.065
7006979,1.381,1.848,1.969,-0.04
7008219,1.444,1.936,2.079,-0.077
7014001,1.4040000000000001,1.874,2.004,-0.047
7017044,1.4269999999999998,1.915,2.052,-0.067
7018192,1.444,1.932,2.077,-0.07400000000000001
7018252,1.395,1.8769999999999998,2.0,-0.054000000000000006
7020392,1.421,1.932,2.06,-0.081
7024649,1.44,1.972,2.104,-0.10099999999999999
7025721,1.3719999999999999,1.8619999999999999,1.975,-0.057
7031016,1.423,1.895,2.0340000000000003,-0.055
7032190,1.4069999999999998,1.864,1.999,-0.04
7039075,1.402,1.861,1.993,-0.039
7046960,1.4709999999999999,1.96,2.119,-0.091
7097136,1.4369999999999998,1.926,2.0669999999999997,-0.071
7098252,1.4140000000000001,1.9169999999999998,2.043,-0.073
7098510,1.416,1.892,2.026,-0.055
7100768,1.41,1.9080000000000001,2.0340000000000003,-0.068
7100888,1.433,1.93,2.0669999999999997,-0.075
7101244,1.413,1.903,2.032,-0.064
7103297,1.432,1.915,2.055,-0.065
7103666,1.4380000000000002,1.929,2.07,-0.073
7108536,1.4080000000000001,1.923,2.044,-0.081
7108646,1.446,1.9869999999999999,2.12,-0.11
7122713,1.4809999999999999,2.0069999999999997,2.162,-0.11900000000000001
7125921,1.423,1.919,2.051,-0.071
7128999,1.405,1.865,1.9980000000000002,-0.040999999999999995
7186274,1.44,1.9340000000000002,2.076,-0.076
7188504,1.405,1.944,2.06,-0.10099999999999999
7189610,1.416,1.8730000000000002,2.013,-0.043
7190047,1.422,1.9709999999999999,2.092,-0.111
7190400,1.453,1.9980000000000002,2.134,-0.11599999999999999
7191673,1.445,1.9909999999999999,2.122,-0.114
7205397,1.4509999999999998,1.985,2.122,-0.107
7206531,1.402,1.855,1.9880000000000002,-0.035
7265075,1.425,1.9240000000000002,2.056,-0.073
7266674,1.4780000000000002,2.004,2.158,-0.11699999999999999
7273176,1.375,1.854,1.969,-0.049
7273426,1.402,1.945,2.06,-0.10400000000000001
7281777,1.46,1.9509999999999998,2.103,-0.085
7285830,1.389,1.854,1.979,-0.04
7289277,1.416,1.9240000000000002,2.05,-0.077
7294715,1.401,1.8559999999999999,1.9880000000000002,-0.036000000000000004
7303187,1.507,2.042,2.211,-0.14400000000000002
7337994,1.3980000000000001,1.899,2.019,-0.068
7345186,1.496,1.995,2.165,-0.115
7345308,1.405,1.8780000000000001,2.008,-0.05
7349386,1.48,1.999,2.155,-0.114
7352718,1.4080000000000001,1.9380000000000002,2.057,-0.094
7363339,1.4580000000000002,1.95,2.101,-0.085
7365701,1.345,1.794,1.905,-0.023
7366321,1.3730000000000002,1.828,1.949,-0.03
7366820,1.401,1.8719999999999999,2.001,-0.047
7368594,1.4080000000000001,1.876,2.009,-0.047
7368754,1.4480000000000002,1.9340000000000002,2.081,-0.075
7369386,1.396,1.871,1.996,-0.048
7379100,1.4469999999999998,1.9180000000000001,2.069,-0.066
7384523,1.444,1.93,2.075,-0.073
7420223,1.4140000000000001,1.883,2.0180000000000002,-0.05
7421138,1.383,1.844,1.9669999999999999,-0.036000000000000004
7428418,1.3869999999999998,1.89,2.005,-0.069
7428931,1.452,1.994,2.13,-0.114
7430892,1.4869999999999999,2.016,2.175,-0.125
7433485,1.38,1.865,1.982,-0.053
7440589,1.4469999999999998,1.913,2.065,-0.063
7460447,1.3519999999999999,1.79,1.9069999999999998,-0.015
7465221,1.43,1.9,2.042,-0.057
7510604,1.392,1.8719999999999999,1.994,-0.051
7515243,1.4140000000000001,1.903,2.033,-0.063
7522091,1.492,2.021,2.182,-0.129
7522297,1.41,1.891,2.021,-0.055999999999999994
7531908,1.399,1.8619999999999999,1.992,-0.040999999999999995
7532885,1.403,1.8730000000000002,2.003,-0.047
7533496,1.337,1.765,1.879,-0.006999999999999999
7585122,1.4509999999999998,1.931,2.081,-0.073
7591481,1.462,1.9609999999999999,2.113,-0.091
7591642,1.422,1.929,2.0580000000000003,-0.078
7592356,1.396,1.885,2.0069999999999997,-0.059000000000000004
7593843,1.444,1.92,2.068,-0.068
7594865,1.402,1.8769999999999998,2.005,-0.05
7595155,1.504,2.036,2.2030000000000003,-0.14
7595285,1.421,1.8980000000000001,2.035,-0.057999999999999996
7597056,1.4669999999999999,2.002,2.147,-0.11599999999999999
7601720,1.454,1.9569999999999999,2.103,-0.08900000000000001
7612438,1.3880000000000001,1.8359999999999999,1.965,-0.027999999999999997
7612916,1.3969999999999998,1.885,2.0069999999999997,-0.057999999999999996
7619034,1.4,1.851,1.985,-0.033
7620272,1.4409999999999998,1.905,2.055,-0.059000000000000004
7661720,1.436,1.905,2.051,-0.059000000000000004
7662025,1.376,1.85,1.9680000000000002,-0.045
7663228,1.444,1.939,2.082,-0.078
7663241,1.446,1.9509999999999998,2.093,-0.086
7670419,1.485,2.0180000000000002,2.173,-0.126
7671562,1.475,1.9780000000000002,2.136,-0.10099999999999999
7672969,1.449,1.94,2.0869999999999997,-0.079
7677317,1.4709999999999999,1.986,2.138,-0.106
7678547,1.4969999999999999,2.003,2.1719999999999997,-0.11900000000000001
7679799,1.361,1.8330000000000002,1.945,-0.042
7680159,1.399,1.8719999999999999,1.999,-0.048
7685039,1.3719999999999999,1.839,1.9569999999999999,-0.039
7685316,1.4240000000000002,1.903,2.04,-0.059000000000000004
7685724,1.3769999999999998,1.8430000000000002,1.963,-0.039
7691148,1.439,1.94,2.079,-0.08
7693359,1.3090000000000002,1.7380000000000002,1.8419999999999999,-0.01
7697217,1.4609999999999999,1.939,2.095,-0.078
7732836,1.39,1.8530000000000002,1.9780000000000002,-0.039
7741179,1.3559999999999999,1.838,1.9469999999999998,-0.052000000000000005
7743539,1.399,1.867,1.996,-0.044000000000000004
7748979,1.445,1.925,2.072,-0.07
7802549,1.423,1.915,2.049,-0.068
7807614,1.494,1.976,2.149,-0.10400000000000001
7808227,1.389,1.8769999999999998,1.9969999999999999,-0.057
7808791,1.3840000000000001,1.8430000000000002,1.9669999999999999,-0.035
7818452,1.392,1.854,1.9809999999999999,-0.039
7820169,1.409,1.8769999999999998,2.01,-0.048
7821234,1.46,1.96,2.11,-0.09
7834159,1.395,1.865,1.9909999999999999,-0.045
7869334,1.3880000000000001,1.8519999999999999,1.9769999999999999,-0.039
7870980,1.446,1.942,2.086,-0.08
7872519,1.402,1.8769999999999998,2.005,-0.05
7880664,1.415,1.8869999999999998,2.022,-0.052000000000000005
7881669,1.435,1.942,2.0780000000000003,-0.08199999999999999
7884574,1.411,1.879,2.013,-0.048
7885455,1.4340000000000002,1.9169999999999998,2.0580000000000003,-0.067
7885511,1.3869999999999998,1.865,1.985,-0.05
7887960,1.355,1.807,1.922,-0.026000000000000002
7889429,1.465,1.9769999999999999,2.126,-0.1
7897890,1.3630000000000002,1.83,1.943,-0.039
7902578,1.472,1.9809999999999999,2.135,-0.10300000000000001
7917701,1.4980000000000002,2.008,2.176,-0.122
7935931,1.483,2.0140000000000002,2.169,-0.12300000000000001
7939118,1.365,1.83,1.945,-0.037000000000000005
7948086,1.415,1.892,2.026,-0.055
7949258,1.4669999999999999,1.952,2.109,-0.086
7949599,1.464,1.965,2.117,-0.09300000000000001
7955856,1.4369999999999998,1.926,2.0669999999999997,-0.071
7957822,1.38,1.848,1.9680000000000002,-0.040999999999999995
7960031,1.483,1.9980000000000002,2.158,-0.114
7968120,1.361,1.81,1.9269999999999998,-0.025
7975969,1.419,1.902,2.036,-0.06
7976420,1.396,1.845,1.9769999999999999,-0.031
8005116,1.45,1.933,2.082,-0.07400000000000001
8006058,1.39,1.8719999999999999,1.993,-0.052000000000000005
8019020,1.405,1.902,2.026,-0.067
8023982,1.409,1.8719999999999999,2.0069999999999997,-0.044000000000000004
8039416,1.45,1.9469999999999998,2.092,-0.083
8045883,1.41,1.896,2.025,-0.06
8051694,1.4269999999999998,1.8969999999999998,2.0380000000000003,-0.055999999999999994
8074326,1.439,1.922,2.065,-0.069
8078554,1.396,1.864,1.9909999999999999,-0.043
8081069,1.416,1.922,2.049,-0.076
8081535,1.42,1.902,2.037,-0.06
8082494,1.442,1.9369999999999998,2.079,-0.077
8088198,1.3869999999999998,1.861,1.983,-0.047
8097755,1.3659999999999999,1.839,1.953,-0.044000000000000004
8099073,1.37,1.8119999999999998,1.935,-0.021
8120076,1.426,1.906,2.044,-0.061
8145176,1.3430000000000002,1.839,1.944,-0.068
8149325,1.3880000000000001,1.896,2.011,-0.07200000000000001
8149536,1.365,1.845,1.9580000000000002,-0.049
8151314,1.46,1.949,2.102,-0.084
8160590,1.462,1.95,2.104,-0.084
8165444,1.392,1.847,1.976,-0.034
8172720,1.361,1.8159999999999998,1.932,-0.028999999999999998
8173036,1.435,1.9409999999999998,2.077,-0.08199999999999999
8173148,1.429,1.911,2.05,-0.064
8175438,1.4169999999999998,1.9069999999999998,2.0380000000000003,-0.065
8178600,1.454,1.96,2.105,-0.091
8181700,1.405,1.859,1.993,-0.037000000000000005
8197210,1.392,1.848,1.9769999999999999,-0.034
8217977,1.412,1.923,2.046,-0.079
8218906,1.442,1.9369999999999998,2.079,-0.078
8222691,1.3780000000000001,1.869,1.984,-0.059000000000000004
8225839,1.479,1.9909999999999999,2.149,-0.109
8232851,1.444,1.906,2.057,-0.06
8233917,1.4569999999999999,1.975,2.119,-0.1
8235013,1.426,1.9080000000000001,2.045,-0.062
8241402,1.4509999999999998,1.9609999999999999,2.104,-0.091
8246635,1.443,1.922,2.069,-0.068
8247851,1.3459999999999999,1.796,1.9080000000000001,-0.024
8258311,1.3530000000000002,1.804,1.9180000000000001,-0.025
8260453,1.406,1.8730000000000002,2.006,-0.046
8264006,1.469,1.989,2.1390000000000002,-0.10800000000000001
8278906,1.4240000000000002,1.9469999999999998,2.074,-0.091
8284510,1.382,1.864,1.982,-0.051
8284682,1.472,1.9869999999999999,2.14,-0.106
8288164,1.443,1.949,2.089,-0.085
8293158,1.435,1.9140000000000001,2.056,-0.065
8293291,1.401,1.85,1.984,-0.033
8300692,1.3719999999999999,1.8459999999999999,1.9609999999999999,-0.045
8307630,1.368,1.8219999999999998,1.9409999999999998,-0.028999999999999998
8325764,1.382,1.869,1.985,-0.055999999999999994
8330598,1.403,1.8630000000000002,1.996,-0.040999999999999995
8346238,1.4809999999999999,2.04,2.188,-0.14
8348765,1.392,1.871,1.994,-0.05
8349350,1.453,1.982,2.121,-0.105
8350443,1.391,1.885,2.003,-0.062
8360334,1.455,1.949,2.097,-0.084
8363443,1.4909999999999999,1.9969999999999999,2.162,-0.114
8363613,1.4240000000000002,1.8840000000000001,2.026,-0.049
8364363,1.379,1.844,1.964,-0.038
8366758,1.4680000000000002,1.96,2.116,-0.09
8377116,1.463,1.97,2.12,-0.096
8377200,1.4480000000000002,1.939,2.085,-0.078
8377727,1.4040000000000001,1.8519999999999999,1.9880000000000002,-0.033
8379490,1.38,1.8359999999999999,1.96,-0.032
8380242,1.4180000000000001,1.899,2.033,-0.057999999999999996
8382339,1.4140000000000001,1.87,2.008,-0.042
8386537,1.4140000000000001,1.9069999999999998,2.035,-0.066
8386921,1.459,1.9609999999999999,2.1109999999999998,-0.091
8409983,1.4240000000000002,1.8869999999999998,2.029,-0.05
8410529,1.433,1.9509999999999998,2.083,-0.09
8414512,1.4509999999999998,1.942,2.089,-0.08
8424785,1.409,1.916,2.039,-0.075
8426743,1.375,1.838,1.9569999999999999,-0.036000000000000004
8431241,1.442,1.939,2.081,-0.079
8432219,1.3869999999999998,1.838,1.966,-0.03
8458519,1.4480000000000002,1.942,2.0869999999999997,-0.08
8475164,1.4169999999999998,1.9280000000000002,2.0540000000000003,-0.08
8478550,1.4409999999999998,1.97,2.103,-0.1
8479182,1.4080000000000001,1.902,2.028,-0.065
8479383,1.402,1.883,2.01,-0.054000000000000006
8480233,1.3719999999999999,1.8840000000000001,1.994,-0.078
8480313,1.4180000000000001,1.9409999999999998,2.065,-0.08900000000000001
8481765,1.4880000000000002,1.996,2.1590000000000003,-0.113
8482522,1.5019999999999998,2.021,2.19,-0.13
8482769,1.409,1.92,2.043,-0.078
8482944,1.405,1.901,2.025,-0.066
8489832,1.4169999999999998,1.889,2.025,-0.053
8491283,1.3980000000000001,1.845,1.979,-0.03
8493827,1.426,1.916,2.052,-0.068
8496042,1.402,1.8619999999999999,1.994,-0.04
8506096,1.406,1.865,1.999,-0.040999999999999995
8506788,1.3780000000000001,1.847,1.966,-0.042
8507397,1.365,1.8230000000000002,1.94,-0.032
8522040,1.3869999999999998,1.844,1.9709999999999999,-0.034
8526108,1.3940000000000001,1.849,1.979,-0.034
8540615,1.3769999999999998,1.8330000000000002,1.955,-0.031
8540767,1.3630000000000002,1.845,1.956,-0.051
8540820,1.3869999999999998,1.879,1.9969999999999999,-0.06
8545861,1.376,1.8319999999999999,1.954,-0.031
8547122,1.39,1.8730000000000002,1.994,-0.054000000000000006
8547469,1.435,1.949,2.082,-0.087
8547653,1.3780000000000001,1.864,1.979,-0.054000000000000006
8552947,1.4169999999999998,1.913,2.043,-0.069
8555914,1.436,1.93,2.069,-0.07400000000000001
8558629,1.3940000000000001,1.868,1.993,-0.047
8558633,1.321,1.765,1.87,-0.02
8565159,1.433,1.926,2.064,-0.07200000000000001
8570577,1.403,1.8780000000000001,2.006,-0.05
8580595,1.413,1.871,2.008,-0.042
8591738,1.499,2.015,2.1830000000000003,-0.126
8607581,1.3719999999999999,1.8330000000000002,1.952,-0.034
8607620,1.396,1.879,2.002,-0.054000000000000006
8611114,1.389,1.8630000000000002,1.986,-0.046
8611369,1.403,1.906,2.0269999999999997,-0.071
8611833,1.445,1.9280000000000002,2.075,-0.07200000000000001
8612811,1.4040000000000001,1.881,2.009,-0.052000000000000005
8616844,1.419,1.909,2.041,-0.065
8618510,1.425,1.909,2.046,-0.064
8618653,1.455,1.926,2.081,-0.071
8620449,1.3940000000000001,1.867,1.992,-0.047
8628585,1.435,1.913,2.056,-0.064
8629927,1.4,1.8719999999999999,2.0,-0.048
8630006,1.413,1.893,2.025,-0.057
8669282,1.3940000000000001,1.891,2.011,-0.065
8671819,1.371,1.85,1.964,-0.048
8674581,1.4409999999999998,1.9509999999999998,2.088,-0.087
8676094,1.483,1.992,2.1519999999999997,-0.11
8676240,1.472,1.964,2.123,-0.09300000000000001
8676927,1.3869999999999998,1.8459999999999999,1.972,-0.035
8676988,1.42,1.879,2.019,-0.046
8678018,1.382,1.841,1.965,-0.035
8682462,1.382,1.85,1.9709999999999999,-0.040999999999999995
8683779,1.4140000000000001,1.886,2.02,-0.052000000000000005
8686058,1.391,1.851,1.9780000000000002,-0.037000000000000005
8686389,1.495,2.021,2.185,-0.129
8689599,1.36,1.815,1.93,-0.028999999999999998
8690009,1.464,1.972,2.122,-0.09699999999999999
8695243,1.465,1.9609999999999999,2.115,-0.091
8696035,1.33,1.784,1.89,-0.027999999999999997
8701893,1.376,1.831,1.954,-0.031
8707667,1.431,1.906,2.048,-0.061
8738834,1.4909999999999999,1.984,2.153,-0.107
8741733,1.4240000000000002,1.893,2.033,-0.054000000000000006
8746146,1.395,1.867,1.993,-0.046
8746222,1.385,1.874,1.9909999999999999,-0.057999999999999996
8751733,1.4269999999999998,1.91,2.0469999999999997,-0.063
8757215,1.399,1.8659999999999999,1.995,-0.044000000000000004
8758700,1.392,1.8769999999999998,1.999,-0.055
8759746,1.3969999999999998,1.8530000000000002,1.984,-0.036000000000000004
8761471,1.411,1.88,2.0140000000000002,-0.049
8803432,1.4,1.8780000000000001,2.004,-0.051
8804395,1.454,1.956,2.103,-0.08800000000000001
8804886,1.4509999999999998,1.943,2.09,-0.081
8813509,1.432,1.8969999999999998,2.042,-0.055
8813727,1.375,1.81,1.9369999999999998,-0.017
8814586,1.402,1.875,2.004,-0.048
8818252,1.431,1.923,2.06,-0.071
8822878,1.453,1.933,2.085,-0.075
8824235,1.4509999999999998,1.955,2.1,-0.08800000000000001
8824264,1.401,1.88,2.0069999999999997,-0.053
8826079,1.3519999999999999,1.811,1.923,-0.032
8827622,1.443,1.9280000000000002,2.073,-0.07200000000000001
8827646,1.376,1.8519999999999999,1.969,-0.046
8839028,1.475,1.989,2.144,-0.10800000000000001
8843610,1.386,1.847,1.972,-0.037000000000000005
8845313,1.341,1.811,1.9180000000000001,-0.040999999999999995
8845321,1.379,1.8459999999999999,1.966,-0.04
8846245,1.403,1.8769999999999998,2.005,-0.049
8868800,1.381,1.8430000000000002,1.965,-0.036000000000000004
8868869,1.4480000000000002,1.9709999999999999,2.109,-0.099
8868929,1.383,1.84,1.964,-0.033
8873797,1.4869999999999999,1.995,2.158,-0.113
8888925,1.429,1.912,2.051,-0.065
8907943,1.484,1.993,2.153,-0.111
8911558,1.382,1.831,1.9569999999999999,-0.027999999999999997
8914504,1.396,1.868,1.994,-0.047
8935612,1.4240000000000002,1.9180000000000001,2.051,-0.07
8936104,1.505,2.015,2.187,-0.128
8936339,1.402,1.867,1.9980000000000002,-0.043
8937073,1.455,1.963,2.108,-0.092
8939889,1.463,1.955,2.108,-0.087
8939964,1.3869999999999998,1.88,1.9969999999999999,-0.061
8940098,1.406,1.89,2.0180000000000002,-0.057
8940241,1.429,1.9,2.042,-0.057
8946471,1.415,1.883,2.019,-0.049
8946619,1.3869999999999998,1.85,1.974,-0.038
8946818,1.37,1.8319999999999999,1.949,-0.035
8947422,1.446,1.929,2.076,-0.073
8957928,1.4480000000000002,1.935,2.082,-0.076
8959538,1.489,2.001,2.164,-0.11599999999999999
8962844,1.416,1.889,2.024,-0.053
8963972,1.463,1.966,2.117,-0.09300000000000001
8984044,1.439,1.929,2.0709999999999997,-0.073
9004448,1.466,1.9780000000000002,2.129,-0.10099999999999999
9007080,1.466,1.973,2.125,-0.098
9007718,1.476,1.972,2.1319999999999997,-0.098
9008090,1.409,1.88,2.013,-0.049
9009175,1.4680000000000002,1.9680000000000002,2.122,-0.095
9018004,1.36,1.815,1.93,-0.028999999999999998
9024483,1.445,1.933,2.079,-0.075
9024667,1.489,2.004,2.166,-0.11800000000000001
9025029,1.381,1.839,1.963,-0.034
9025447,1.4369999999999998,1.9380000000000002,2.077,-0.079
9025882,1.4680000000000002,1.9569999999999999,2.114,-0.08900000000000001
9026308,1.379,1.8419999999999999,1.964,-0.037000000000000005
9027654,1.482,1.996,2.155,-0.113
9028511,1.4080000000000001,1.905,2.03,-0.068
9028967,1.409,1.89,2.02,-0.055999999999999994
9029195,1.431,1.903,2.045,-0.057999999999999996
9030294,1.412,1.883,2.017,-0.05
9032691,1.3980000000000001,1.871,1.9980000000000002,-0.048
9034557,1.433,1.8940000000000001,2.04,-0.053
9071895,1.412,1.869,2.006,-0.042
9076149,1.415,1.915,2.043,-0.071
9077501,1.431,1.933,2.068,-0.078
9080445,1.379,1.8430000000000002,1.964,-0.038
9086505,1.42,1.905,2.039,-0.062
9086653,1.465,1.9969999999999999,2.142,-0.113
9087870,1.446,1.953,2.094,-0.087
9093038,1.475,1.9969999999999999,2.15,-0.11199999999999999
9096899,1.379,1.839,1.9609999999999999,-0.035
9097394,1.345,1.79,1.902,-0.021
9099712,1.393,1.858,1.985,-0.040999999999999995
9112472,1.393,1.854,1.982,-0.038
9139970,1.401,1.8719999999999999,2.001,-0.048
9142574,1.396,1.902,2.02,-0.07200000000000001
9142768,1.41,1.893,2.022,-0.057999999999999996
9143545,1.4680000000000002,1.963,2.119,-0.092
9145952,1.416,1.906,2.037,-0.064
9150223,1.375,1.834,1.954,-0.033
9151578,1.452,1.9709999999999999,2.112,-0.098
9159227,1.496,2.009,2.176,-0.122
9159263,1.391,1.874,1.996,-0.054000000000000006
9159375,1.416,1.8840000000000001,2.02,-0.05
9160995,1.374,1.8319999999999999,1.952,-0.032
9161150,1.3840000000000001,1.85,1.972,-0.04
9202995,1.44,1.963,2.097,-0.095
9204871,1.3840000000000001,1.844,1.9680000000000002,-0.036000000000000004
9206643,1.495,2.01,2.175,-0.12300000000000001
9214827,1.38,1.839,1.962,-0.034
9217018,1.4080000000000001,1.8969999999999998,2.024,-0.061
9217521,1.374,1.84,1.959,-0.038
9220076,1.411,1.889,2.021,-0.055
9229601,1.36,1.7990000000000002,1.919,-0.017
9268197,1.462,1.993,2.137,-0.111
9268703,1.415,1.896,2.029,-0.057999999999999996
9270087,1.425,1.916,2.051,-0.068
9272281,1.4169999999999998,1.879,2.017,-0.047
9282363,1.433,1.936,2.072,-0.079
9283248,1.401,1.868,1.9969999999999999,-0.044000000000000004
9283816,1.391,1.85,1.9769999999999999,-0.036000000000000004
9287916,1.485,2.012,2.17,-0.122
9288026,1.344,1.7930000000000001,1.9040000000000001,-0.024
9288944,1.46,1.976,2.123,-0.1
9291624,1.492,1.984,2.153,-0.107
9291976,1.445,1.946,2.088,-0.083
9292408,1.4709999999999999,1.953,2.113,-0.087
9326484,1.4040000000000001,1.88,2.008,-0.051
9327993,1.482,1.993,2.1519999999999997,-0.111
9329058,1.399,1.871,1.999,-0.047
9330758,1.381,1.8530000000000002,1.973,-0.044000000000000004
9331202,1.469,1.994,2.1430000000000002,-0.111
9332840,1.445,1.93,2.076,-0.073
9333184,1.4080000000000001,1.9040000000000001,2.029,-0.066
9335191,1.416,1.901,2.033,-0.061
9335570,1.405,1.881,2.01,-0.052000000000000005
9336090,1.385,1.868,1.9869999999999999,-0.053
9340114,1.475,1.9869999999999999,2.142,-0.107
9346108,1.459,1.952,2.103,-0.085
9347846,1.385,1.85,1.973,-0.04
9351186,1.436,1.9140000000000001,2.057,-0.065
9353531,1.4240000000000002,1.9340000000000002,2.063,-0.081
9367236,1.4040000000000001,1.859,1.993,-0.037000000000000005
9388422,1.4769999999999999,1.983,2.141,-0.105
9388508,1.4709999999999999,1.994,2.145,-0.111
9390666,1.4469999999999998,1.974,2.11,-0.10099999999999999
9391192,1.4340000000000002,1.9369999999999998,2.073,-0.08
9392650,1.426,1.921,2.055,-0.071
9392933,1.459,1.966,2.114,-0.094
9393028,1.4280000000000002,1.911,2.049,-0.064
9396095,1.42,1.922,2.051,-0.07400000000000001
9396363,1.401,1.8719999999999999,2.001,-0.047
9397110,1.3980000000000001,1.861,1.9909999999999999,-0.040999999999999995
9405269,1.464,1.956,2.1109999999999998,-0.08800000000000001
9405336,1.4080000000000001,1.8869999999999998,2.017,-0.055
9405368,1.48,2.008,2.162,-0.11900000000000001
9406426,1.432,1.936,2.0709999999999997,-0.079
9406596,1.486,1.9880000000000002,2.1519999999999997,-0.10800000000000001
9408590,1.391,1.85,1.9780000000000002,-0.036000000000000004
9412408,1.368,1.8230000000000002,1.9409999999999998,-0.028999999999999998
9412682,1.4340000000000002,1.9169999999999998,2.0580000000000003,-0.067
9414102,1.5019999999999998,1.992,2.167,-0.114
9450786,1.379,1.857,1.974,-0.048
9451434,1.456,1.9809999999999999,2.123,-0.10400000000000001
9452006,1.4369999999999998,1.919,2.062,-0.067
9452570,1.4140000000000001,1.8880000000000001,2.022,-0.053
9456153,1.355,1.814,1.9269999999999998,-0.032
9456598,1.43,1.893,2.037,-0.053
9467117,1.4780000000000002,1.9780000000000002,2.138,-0.102
9467361,1.4380000000000002,1.926,2.068,-0.07200000000000001
9470210,1.3769999999999998,1.8419999999999999,1.9609999999999999,-0.038
9470830,1.443,1.922,2.069,-0.068
9471284,1.411,1.8730000000000002,2.009,-0.045
9472064,1.3869999999999998,1.851,1.975,-0.039
9472635,1.431,1.91,2.051,-0.063
9473921,1.4409999999999998,1.94,2.08,-0.08
9508595,1.3219999999999998,1.771,1.875,-0.025
9513787,1.4380000000000002,1.97,2.101,-0.10099999999999999
9520156,1.403,1.8659999999999999,1.9969999999999999,-0.042
9529974,1.432,1.93,2.066,-0.075
9532518,1.391,1.8719999999999999,1.994,-0.052000000000000005
9533544,1.3730000000000002,1.8330000000000002,1.952,-0.034
9535000,1.395,1.861,1.9880000000000002,-0.042
9539910,1.415,1.8969999999999998,2.029,-0.057999999999999996
9542075,1.3430000000000002,1.81,1.9180000000000001,-0.039
9542779,1.3769999999999998,1.829,1.952,-0.028999999999999998
9570409,1.5130000000000001,2.039,2.213,-0.14400000000000002
9574609,1.415,1.902,2.033,-0.062
9575645,1.401,1.8619999999999999,1.993,-0.04
9575718,1.395,1.879,2.001,-0.055
9579328,1.474,2.012,2.16,-0.122
9579999,1.465,1.9780000000000002,2.127,-0.10099999999999999
9580343,1.36,1.818,1.933,-0.032
9580407,1.4340000000000002,1.956,2.0869999999999997,-0.092
9581849,1.439,1.919,2.063,-0.067
9590930,1.439,1.943,2.081,-0.08199999999999999
9591097,1.4240000000000002,1.906,2.042,-0.061
9593412,1.415,1.8840000000000001,2.02,-0.05
9595844,1.462,1.969,2.1180000000000003,-0.095
9596639,1.433,1.92,2.059,-0.069
9597214,1.386,1.849,1.973,-0.038
9597524,1.444,1.926,2.072,-0.071
9601661,1.422,1.906,2.041,-0.062
9602917,1.392,1.875,1.996,-0.053
9603327,1.415,1.893,2.026,-0.055999999999999994
9604524,1.4280000000000002,1.89,2.0340000000000003,-0.051
9604795,1.4769999999999999,2.003,2.157,-0.11599999999999999
9605294,1.431,1.926,2.063,-0.073
9606889,1.42,1.889,2.028,-0.052000000000000005
9611634,1.4169999999999998,1.9080000000000001,2.039,-0.066
9634962,1.469,1.965,2.12,-0.09300000000000001
9635388,1.463,1.956,2.109,-0.08800000000000001
9635603,1.4,1.886,2.01,-0.057
9636127,1.433,1.916,2.057,-0.066
9641246,1.4140000000000001,1.8940000000000001,2.026,-0.057
9641447,1.423,1.922,2.0540000000000003,-0.073
9641484,1.4140000000000001,1.902,2.032,-0.062
9641636,1.52,2.037,2.217,-0.145
9641772,1.431,1.9169999999999998,2.056,-0.067
9642202,1.379,1.835,1.9580000000000002,-0.032
9643826,1.484,2.0340000000000003,2.186,-0.136
9643914,1.38,1.844,1.965,-0.038
9645099,1.354,1.811,1.9240000000000002,-0.03
9649940,1.464,1.969,2.12,-0.095
9650881,1.4469999999999998,1.932,2.079,-0.07400000000000001
9656523,1.4709999999999999,1.9709999999999999,2.127,-0.09699999999999999
9656652,1.4469999999999998,1.929,2.077,-0.07200000000000001
9658958,1.4509999999999998,1.9409999999999998,2.089,-0.079
9662343,1.368,1.824,1.943,-0.03
9667064,1.4040000000000001,1.8659999999999999,1.9980000000000002,-0.042
9697074,1.466,1.9669999999999999,2.12,-0.095
9700899,1.4369999999999998,1.933,2.072,-0.076
9702057,1.476,1.996,2.15,-0.11199999999999999
9702841,1.44,1.921,2.066,-0.068
9704774,1.4069999999999998,1.875,2.008,-0.047
9705542,1.496,2.0069999999999997,2.174,-0.121
9705759,1.423,1.895,2.033,-0.055
9706585,1.393,1.885,2.005,-0.061
9711988,1.396,1.8619999999999999,1.99,-0.043
9712888,1.4669999999999999,1.972,2.125,-0.09699999999999999
9713083,1.409,1.88,2.012,-0.049
9714063,1.4080000000000001,1.875,2.008,-0.046
9716081,1.4280000000000002,1.9280000000000002,2.062,-0.075
9718024,1.3519999999999999,1.8230000000000002,1.932,-0.040999999999999995
9723501,1.393,1.854,1.9809999999999999,-0.039
9724324,1.3940000000000001,1.8780000000000001,2.001,-0.055
9724882,1.369,1.831,1.949,-0.035
9727392,1.379,1.8419999999999999,1.963,-0.036000000000000004
9758145,1.445,1.9369999999999998,2.081,-0.077
9760904,1.376,1.855,1.9709999999999999,-0.049
9762943,1.386,1.837,1.964,-0.03
9763419,1.4340000000000002,1.926,2.065,-0.07200000000000001
9766639,1.354,1.795,1.911,-0.018000000000000002
9766906,1.4609999999999999,1.973,2.121,-0.098
9773266,1.367,1.83,1.946,-0.035
9774312,1.3869999999999998,1.85,1.975,-0.038
9775566,1.419,1.92,2.049,-0.073
9777088,1.419,1.901,2.035,-0.06
9777536,1.426,1.8969999999999998,2.037,-0.055999999999999994
9777885,1.4369999999999998,1.915,2.059,-0.065
9779708,1.355,1.821,1.932,-0.037000000000000005
9780183,1.433,1.9240000000000002,2.062,-0.071
9785675,1.495,2.006,2.173,-0.12
9787442,1.403,1.8730000000000002,2.002,-0.047
9787503,1.4769999999999999,1.973,2.133,-0.098
9787723,1.4680000000000002,1.954,2.112,-0.087
9788834,1.4609999999999999,1.973,2.121,-0.098
9813713,1.465,1.995,2.14,-0.111
9814943,1.3459999999999999,1.767,1.886,-0.003
9818513,1.506,2.012,2.186,-0.126
9818564,1.338,1.79,1.899,-0.025
9824971,1.399,1.8840000000000001,2.0069999999999997,-0.057
9833591,1.4769999999999999,2.003,2.156,-0.11599999999999999
9833651,1.4509999999999998,1.95,2.095,-0.084
9833831,1.381,1.85,1.97,-0.040999999999999995
9834183,1.421,1.896,2.033,-0.055999999999999994
9834365,1.3940000000000001,1.858,1.986,-0.040999999999999995
9835575,1.489,2.0069999999999997,2.168,-0.12
9838510,1.4380000000000002,1.952,2.0869999999999997,-0.08900000000000001
9838978,1.429,1.925,2.061,-0.073
9839246,1.426,1.893,2.0340000000000003,-0.053
9839918,1.449,1.9180000000000001,2.0709999999999997,-0.066
9840492,1.4880000000000002,1.985,2.151,-0.107
9843358,1.412,1.902,2.03,-0.063
9843754,1.475,1.989,2.144,-0.10800000000000001
9846355,1.475,1.979,2.136,-0.102
9846810,1.429,1.89,2.035,-0.051
9846877,1.416,1.8880000000000001,2.024,-0.052000000000000005
9846977,1.4569999999999999,1.952,2.101,-0.085
9847893,1.357,1.814,1.9280000000000002,-0.03
9848308,1.435,1.9269999999999998,2.0669999999999997,-0.073
9851743,1.4,1.86,1.9909999999999999,-0.039
9871800,1.4369999999999998,1.9609999999999999,2.093,-0.095
9881167,1.43,1.919,2.057,-0.069
9881628,1.3780000000000001,1.864,1.98,-0.055
9882550,1.3880000000000001,1.8519999999999999,1.9769999999999999,-0.039
9883214,1.422,1.935,2.063,-0.08199999999999999
9884319,1.4780000000000002,1.98,2.1390000000000002,-0.10300000000000001
9886542,1.422,1.8969999999999998,2.0340000000000003,-0.055999999999999994
9887488,1.4169999999999998,1.891,2.0269999999999997,-0.054000000000000006
9887555,1.374,1.857,1.972,-0.052000000000000005
9893889,1.4609999999999999,1.99,2.134,-0.109
9898657,1.419,1.911,2.042,-0.066
9899323,1.389,1.849,1.975,-0.037000000000000005
9904563,1.406,1.871,2.004,-0.045
9906278,1.41,1.871,2.0069999999999997,-0.043
9906841,1.42,1.8869999999999998,2.026,-0.051
9907368,1.3880000000000001,1.86,1.983,-0.045
9907856,1.37,1.824,1.943,-0.028999999999999998
9908082,1.38,1.8359999999999999,1.959,-0.032
9908198,1.365,1.8219999999999998,1.939,-0.031
9909804,1.3619999999999999,1.824,1.939,-0.034
9910166,1.3659999999999999,1.8159999999999998,1.935,-0.026000000000000002
9910758,1.4480000000000002,1.95,2.093,-0.085
9933754,1.4680000000000002,1.96,2.116,-0.09
9945290,1.429,1.9080000000000001,2.048,-0.062
9957219,1.4080000000000001,1.89,2.019,-0.057
9958522,1.446,1.935,2.081,-0.076
9965093,1.367,1.8319999999999999,1.9469999999999998,-0.037000000000000005
9966247,1.375,1.844,1.962,-0.040999999999999995
9966823,1.4509999999999998,1.949,2.095,-0.084
9967076,1.472,1.989,2.142,-0.10800000000000001
9970068,1.391,1.8619999999999999,1.986,-0.045
9970098,1.3259999999999998,1.776,1.881,-0.024
9970454,1.454,1.9569999999999999,2.103,-0.08800000000000001
9994630,1.4580000000000002,1.959,2.108,-0.09
9994798,1.426,1.883,2.0269999999999997,-0.047
9995535,1.389,1.85,1.976,-0.037000000000000005
